Afghanistan;57,41;AFN;10.12.2010;09.01.2011;;
Afghanistan;60,2535;AFN;10.01.2011;09.02.2011;;
Afghanistan;62,08715;AFN;10.02.2011;09.03.2011;;
Afghanistan;62,4547;AFN;10.03.2011;09.04.2011;;
Afghanistan;64,1672;AFN;10.04.2011;09.05.2011;;
Afghanistan;66,85145;AFN;10.05.2011;09.06.2011;;
Afghanistan;65877;AFN;10.06.2011;09.07.2011;;
Afghanistan;68,0426;AFN;10.07.2011;09.08.2011;;
Afghanistan;68,7724;AFN;10.08.2011;09.09.2011;;
Afghanistan;68,49045;AFN;10.09.2011;09.10.2011;;
Afghanistan;64,02225;AFN;10.10.2011;09.11.2011;;
Afghanistan;66,687;AFN;10.11.2011;09.12.2011;;
Ägypten;7,71163;EGP;10.12.2010;09.01.2011;;
Ägypten;7,6652;EGP;10.01.2011;09.02.2011;;
Ägypten;7,9893;EGP;10.02.2011;09.03.2011;;
Ägypten;8,1207;EGP;10.03.2011;09.04.2011;;
Ägypten;8,4216;EGP;10.04.2011;09.05.2011;;
Ägypten;8,72725;EGP;10.05.2011;09.06.2011;;
Ägypten;8,46955;EGP;10.06.2011;09.07.2011;;
Ägypten;8,53545;EGP;10.07.2011;09.08.2011;;
Ägypten;8,62425;EGP;10.08.2011;09.09.2011;;
Ägypten;8,65345;EGP;10.09.2011;09.10.2011;;
Ägypten;8,12745;EGP;10.10.2011;09.11.2011;;
Ägypten;8,3609;EGP;10.11.2011;09.12.2011;;
Albanien;1,3353;USD;10.12.2010;09.01.2011;;
Albanien;1,31995;USD;10.01.2011;09.02.2011;;
Albanien;1,36965;USD;10.02.2011;09.03.2011;;
Albanien;1,37925;USD;10.03.2011;09.04.2011;;
Albanien;1,41465;USD;10.04.2011;09.05.2011;;
Albanien;1,46735;USD;10.05.2011;09.06.2011;;
Albanien;1,42195;USD;10.06.2011;09.07.2011;;
Albanien;1,4313;USD;10.07.2011;09.08.2011;;
Albanien;1,44805;USD;10.08.2011;09.09.2011;;
Albanien;1,45295;USD;10.09.2011;09.10.2011;;
Albanien;1,3628;USD;10.10.2011;09.11.2011;;
Albanien;1,4007;USD;10.11.2011;09.12.2011;;
Algerien;99,50665;DZD;10.12.2010;09.01.2011;;
Algerien;98,2775;DZD;10.01.2011;09.02.2011;;
Algerien;99,81115;DZD;10.02.2011;09.03.2011;;
Algerien;100,09665;DZD;10.03.2011;09.04.2011;;
Algerien;101,7285;DZD;10.04.2011;09.05.2011;;
Algerien;104,6079;DZD;10.05.2011;09.06.2011;;
Algerien;102,7081;DZD;10.06.2011;09.07.2011;;
Algerien;102,81;DZD;10.07.2011;09.08.2011;;
Algerien;104,92265;DZD;10.08.2011;09.09.2011;;
Algerien;104,79795;DZD;10.09.2011;09.10.2011;;
Algerien;100,4504;DZD;10.10.2011;09.11.2011;;
Algerien;102,71885;DZD;10.11.2011;09.12.2011;;
Angola;1,3353;USD;10.12.2010;09.01.2011;;
Angola;1,31995;USD;10.01.2011;09.02.2011;;
Angola;1,36965;USD;10.02.2011;09.03.2011;;
Angola;1,37925;USD;10.03.2011;09.04.2011;;
Angola;1,41465;USD;10.04.2011;09.05.2011;;
Angola;1,46735;USD;10.05.2011;09.06.2011;;
Angola;1,42195;USD;10.06.2011;09.07.2011;;
Angola;1,4313;USD;10.07.2011;09.08.2011;;
Angola;1,44805;USD;10.08.2011;09.09.2011;;
Angola;1,45295;USD;10.09.2011;09.10.2011;;
Angola;1,3628;USD;10.10.2011;09.11.2011;;
Angola;1,4007;USD;10.11.2011;09.12.2011;;
Äquatorialguinea;657,105;XAF;10.12.2010;09.01.2011;;
Äquatorialguinea;657,10745;XAF;10.01.2011;09.02.2011;;
Äquatorialguinea;657,1212;XAF;10.02.2011;09.03.2011;;
Äquatorialguinea;657,43455;XAF;10.03.2011;09.04.2011;;
Äquatorialguinea;656,19445;XAF;10.04.2011;09.05.2011;;
Äquatorialguinea;655,95695;XAF;10.05.2011;09.06.2011;;
Äquatorialguinea;657,0836;XAF;10.06.2011;09.07.2011;;
Äquatorialguinea;657,08165;XAF;10.07.2011;09.08.2011;;
Äquatorialguinea;657,02775;XAF;10.08.2011;09.09.2011;;
Äquatorialguinea;657,1145;XAF;10.09.2011;09.10.2011;;
Äquatorialguinea;657,0785;XAF;10.10.2011;09.11.2011;;
Äquatorialguinea;657,1239;XAF;10.11.2011;09.12.2011;;
Argentinien;1,3353;USD;10.12.2010;09.01.2011;;
Argentinien;1,31995;USD;10.01.2011;09.02.2011;;
Argentinien;1,36965;USD;10.02.2011;09.03.2011;;
Argentinien;1,37925;USD;10.03.2011;09.04.2011;;
Argentinien;1,41465;USD;10.04.2011;09.05.2011;;
Argentinien;1,46735;USD;10.05.2011;09.06.2011;;
Argentinien;1,42195;USD;10.06.2011;09.07.2011;;
Argentinien;1,4313;USD;10.07.2011;09.08.2011;;
Argentinien;1,44805;USD;10.08.2011;09.09.2011;;
Argentinien;1,45295;USD;10.09.2011;09.10.2011;;
Argentinien;1,3628;USD;10.10.2011;09.11.2011;;
Argentinien;1,4007;USD;10.11.2011;09.12.2011;;
Aruba;2,3905;AWG;10.12.2010;09.01.2011;;
Aruba;2,3638;AWG;10.01.2011;09.02.2011;;
Aruba;2,4514;AWG;10.02.2011;09.03.2011;;
Aruba;2,46795;AWG;10.03.2011;09.04.2011;;
Aruba;2,5322;AWG;10.04.2011;09.05.2011;;
Aruba;2,62725;AWG;10.05.2011;09.06.2011;;
Aruba;2,5447;AWG;10.06.2011;09.07.2011;;
Aruba;2,5622;AWG;10.07.2011;09.08.2011;;
Aruba;2,59165;AWG;10.08.2011;09.09.2011;;
Aruba;2,6008;AWG;10.09.2011;09.10.2011;;
Aruba;2,4389;AWG;10.10.2011;09.11.2011;;
Aruba;2,507;AWG;10.11.2011;09.12.2011;;
Äthiopien;22,116;ETB;10.12.2010;09.01.2011;;
Äthiopien;21,9315;ETB;10.01.2011;09.02.2011;;
Äthiopien;22,82755;ETB;10.02.2011;09.03.2011;;
Äthiopien;23,0817;ETB;10.03.2011;09.04.2011;;
Äthiopien;23,7619;ETB;10.04.2011;09.05.2011;;
Äthiopien;24,63915;ETB;10.05.2011;09.06.2011;;
Äthiopien;24,0046;ETB;10.06.2011;09.07.2011;;
Äthiopien;24,2088;ETB;10.07.2011;09.08.2011;;
Äthiopien;24,6731;ETB;10.08.2011;09.09.2011;;
Äthiopien;24,6771;ETB;10.09.2011;09.10.2011;;
Äthiopien;23,3178;ETB;10.10.2011;09.11.2011;;
Äthiopien;24,10105;ETB;10.11.2011;09.12.2011;;
Australien;1,3623;AUD;10.12.2010;09.01.2011;;
Australien;1,30285;AUD;10.01.2011;09.02.2011;;
Australien;1,3748;AUD;10.02.2011;09.03.2011;;
Australien;1,371;AUD;10.03.2011;09.04.2011;;
Australien;1,37932;AUD;10.04.2011;09.05.2011;;
Australien;1,35645;AUD;10.05.2011;09.06.2011;;
Australien;1,33253;AUD;10.06.2011;09.07.2011;;
Australien;1,36669;AUD;10.07.2011;09.08.2011;;
Australien;1,30889;AUD;10.08.2011;09.09.2011;;
Australien;1,3687;AUD;10.09.2011;09.10.2011;;
Australien;1,37388;AUD;10.10.2011;09.11.2011;;
Australien;1,32988;AUD;10.11.2011;09.12.2011;;
Bahamas;1,3353;BSD;10.12.2010;09.01.2011;;
Bahamas;1,31995;BSD;10.01.2011;09.02.2011;;
Bahamas;1,36965;BSD;10.02.2011;09.03.2011;;
Bahamas;1,37925;BSD;10.03.2011;09.04.2011;;
Bahamas;1,41465;BSD;10.04.2011;09.05.2011;;
Bahamas;1,46735;BSD;10.05.2011;09.06.2011;;
Bahamas;1,42195;BSD;10.06.2011;09.07.2011;;
Bahamas;1,4313;BSD;10.07.2011;09.08.2011;;
Bahamas;1,44805;BSD;10.08.2011;09.09.2011;;
Bahamas;1,45295;BSD;10.09.2011;09.10.2011;;
Bahamas;1,3628;BSD;10.10.2011;09.11.2011;;
Bahamas;1,4007;BSD;10.11.2011;09.12.2011;;
Bahrain;0,50325;BHD;10.12.2010;09.01.2011;;
Bahrain;0,49755;BHD;10.01.2011;09.02.2011;;
Bahrain;0,51635;BHD;10.02.2011;09.03.2011;;
Bahrain;0,52005;BHD;10.03.2011;09.04.2011;;
Bahrain;0,53335;BHD;10.04.2011;09.05.2011;;
Bahrain;0,55325;BHD;10.05.2011;09.06.2011;;
Bahrain;0,5359;BHD;10.06.2011;09.07.2011;;
Bahrain;0,5396;BHD;10.07.2011;09.08.2011;;
Bahrain;0,54585;BHD;10.08.2011;09.09.2011;;
Bahrain;0,54775;BHD;10.09.2011;09.10.2011;;
Bahrain;0,51365;BHD;10.10.2011;09.11.2011;;
Bahrain;0,5281;BHD;10.11.2011;09.12.2011;;
Bangladesch;94,03855;BDT;10.12.2010;09.01.2011;;
Bangladesch;93,30045;BDT;10.01.2011;09.02.2011;;
Bangladesch;97,2152;BDT;10.02.2011;09.03.2011;;
Bangladesch;98,1216;BDT;10.03.2011;09.04.2011;;
Bangladesch;102,5937;BDT;10.04.2011;09.05.2011;;
Bangladesch;106,96265;BDT;10.05.2011;09.06.2011;;
Bangladesch;104,41135;BDT;10.06.2011;09.07.2011;;
Bangladesch;106,04895;BDT;10.07.2011;09.08.2011;;
Bangladesch;108,09755;BDT;10.08.2011;09.09.2011;;
Bangladesch;107,2944;BDT;10.09.2011;09.10.2011;;
Bangladesch;102,4539;BDT;10.10.2011;09.11.2011;;
Bangladesch;106,63795;BDT;10.11.2011;09.12.2011;;
Barbados;2,6706;BBD;10.12.2010;09.01.2011;;
Barbados;2,6411;BBD;10.01.2011;09.02.2011;;
Barbados;2,7393;BBD;10.02.2011;09.03.2011;;
Barbados;2,757;BBD;10.03.2011;09.04.2011;;
Barbados;2,8292;BBD;10.04.2011;09.05.2011;;
Barbados;2,9355;BBD;10.05.2011;09.06.2011;;
Barbados;2,8434;BBD;10.06.2011;09.07.2011;;
Barbados;2,8627;BBD;10.07.2011;09.08.2011;;
Barbados;2,8957;BBD;10.08.2011;09.09.2011;;
Barbados;2,9059;BBD;10.09.2011;09.10.2011;;
Barbados;2,7244;BBD;10.10.2011;09.11.2011;;
Barbados;2,8011;BBD;10.11.2011;09.12.2011;;
Benin;659,235;XOF;10.12.2010;09.01.2011;;
Benin;657,10745;XOF;10.01.2011;09.02.2011;;
Benin;657,1212;XOF;10.02.2011;09.03.2011;;
Benin;657,43455;XOF;10.03.2011;09.04.2011;;
Benin;656,19445;XOF;10.04.2011;09.05.2011;;
Benin;655,95695;XOF;10.05.2011;09.06.2011;;
Benin;657,0836;XOF;10.06.2011;09.07.2011;;
Benin;657,08165;XOF;10.07.2011;09.08.2011;;
Benin;657,02775;XOF;10.08.2011;09.09.2011;;
Benin;657,1145;XOF;10.09.2011;09.10.2011;;
Benin;657,0785;XOF;10.10.2011;09.11.2011;;
Benin;657,1239;XOF;10.11.2011;09.12.2011;;
Bermuda;1,3353;BMD;10.12.2010;09.01.2011;;
Bermuda;1,31995;BMD;10.01.2011;09.02.2011;;
Bermuda;1,36965;BMD;10.02.2011;09.03.2011;;
Bermuda;1,37925;BMD;10.03.2011;09.04.2011;;
Bermuda;1,41465;BMD;10.04.2011;09.05.2011;;
Bermuda;1,46735;BMD;10.05.2011;09.06.2011;;
Bermuda;1,42195;BMD;10.06.2011;09.07.2011;;
Bermuda;1,4313;BMD;10.07.2011;09.08.2011;;
Bermuda;1,44805;BMD;10.08.2011;09.09.2011;;
Bermuda;1,45295;BMD;10.09.2011;09.10.2011;;
Bermuda;1,3628;BMD;10.10.2011;09.11.2011;;
Bermuda;1,4007;BMD;10.11.2011;09.12.2011;;
Bolivien;1,3353;USD;10.12.2010;09.01.2011;;
Bolivien;1,31995;USD;10.01.2011;09.02.2011;;
Bolivien;1,36965;USD;10.02.2011;09.03.2011;;
Bolivien;1,37925;USD;10.03.2011;09.04.2011;;
Bolivien;1,41465;USD;10.04.2011;09.05.2011;;
Bolivien;1,46735;USD;10.05.2011;09.06.2011;;
Bolivien;1,42195;USD;10.06.2011;09.07.2011;;
Bolivien;1,4313;USD;10.07.2011;09.08.2011;;
Bolivien;1,44805;USD;10.08.2011;09.09.2011;;
Bolivien;1,45295;USD;10.09.2011;09.10.2011;;
Bolivien;1,3628;USD;10.10.2011;09.11.2011;;
Bolivien;1,4007;USD;10.11.2011;09.12.2011;;
Botsuana;8,9258;BWP;10.12.2010;09.01.2011;;
Botsuana;8,57355;BWP;10.01.2011;09.02.2011;;
Botsuana;9,1866;BWP;10.02.2011;09.03.2011;;
Botsuana;9,2588;BWP;10.03.2011;09.04.2011;;
Botsuana;9,2884;BWP;10.04.2011;09.05.2011;;
Botsuana;9,4139;BWP;10.05.2011;09.06.2011;;
Botsuana;9,4022;BWP;10.06.2011;09.07.2011;;
Botsuana;9,45755;BWP;10.07.2011;09.08.2011;;
Botsuana;9,34695;BWP;10.08.2011;09.09.2011;;
Botsuana;9,86695;BWP;10.09.2011;09.10.2011;;
Botsuana;9,87335;BWP;10.10.2011;09.11.2011;;
Botsuana;10,08735;BWP;10.11.2011;09.12.2011;;
Brasilien;1,3353;USD;10.12.2010;09.01.2011;;
Brasilien;1,31995;USD;10.01.2011;09.02.2011;;
Brasilien;1,36965;USD;10.02.2011;09.03.2011;;
Brasilien;1,37925;USD;10.03.2011;09.04.2011;;
Brasilien;1,41465;USD;10.04.2011;09.05.2011;;
Brasilien;1,46735;USD;10.05.2011;09.06.2011;;
Brasilien;1,42195;USD;10.06.2011;09.07.2011;;
Brasilien;1,4313;USD;10.07.2011;09.08.2011;;
Brasilien;1,44805;USD;10.08.2011;09.09.2011;;
Brasilien;1,45295;USD;10.09.2011;09.10.2011;;
Brasilien;1,3628;USD;10.10.2011;09.11.2011;;
Brasilien;1,4007;USD;10.11.2011;09.12.2011;;
Brunei Darussalam;1,7463;BND;10.12.2010;09.01.2011;;
Brunei Darussalam;1,71235;BND;10.01.2011;09.02.2011;;
Brunei Darussalam;1,75275;BND;10.02.2011;09.03.2011;;
Brunei Darussalam;1,76725;BND;10.03.2011;09.04.2011;;
Brunei Darussalam;1,78385;BND;10.04.2011;09.05.2011;;
Brunei Darussalam;1,8093;BND;10.05.2011;09.06.2011;;
Brunei Darussalam;1,7586;BND;10.06.2011;09.07.2011;;
Brunei Darussalam;1,7789;BND;10.07.2011;09.08.2011;;
Brunei Darussalam;1,7379;BND;10.08.2011;09.09.2011;;
Brunei Darussalam;1,75445;BND;10.09.2011;09.10.2011;;
Brunei Darussalam;1,7566;BND;10.10.2011;09.11.2011;;
Brunei Darussalam;1,76425;BND;10.11.2011;09.12.2011;;
Bulgarien;1,3353;USD;10.12.2010;09.01.2011;;
Bulgarien;1,31995;USD;10.01.2011;09.02.2011;;
Bulgarien;1,36965;USD;10.02.2011;09.03.2011;;
Bulgarien;1,37925;USD;10.03.2011;09.04.2011;;
Bulgarien;1,41465;USD;10.04.2011;09.05.2011;;
Bulgarien;1,46735;USD;10.05.2011;09.06.2011;;
Bulgarien;1,42195;USD;10.06.2011;09.07.2011;;
Bulgarien;1,4313;USD;10.07.2011;09.08.2011;;
Bulgarien;1,44805;USD;10.08.2011;09.09.2011;;
Bulgarien;1,45295;USD;10.09.2011;09.10.2011;;
Bulgarien;1,3628;USD;10.10.2011;09.11.2011;;
Bulgarien;1,4007;USD;10.11.2011;09.12.2011;;
Burkina Faso;659,235;XOF;10.12.2010;09.01.2011;;
Burkina Faso;657,10745;XOF;10.01.2011;09.02.2011;;
Burkina Faso;657,1212;XOF;10.02.2011;09.03.2011;;
Burkina Faso;657,43455;XOF;10.03.2011;09.04.2011;;
Burkina Faso;656,19445;XOF;10.04.2011;09.05.2011;;
Burkina Faso;655,95695;XOF;10.05.2011;09.06.2011;;
Burkina Faso;657,0836;XOF;10.06.2011;09.07.2011;;
Burkina Faso;657,08165;XOF;10.07.2011;09.08.2011;;
Burkina Faso;657,02775;XOF;10.08.2011;09.09.2011;;
Burkina Faso;657,1145;XOF;10.09.2011;09.10.2011;;
Burkina Faso;657,0785;XOF;10.10.2011;09.11.2011;;
Burkina Faso;657,1239;XOF;10.11.2011;09.12.2011;;
Burundi;1,3353;USD;10.12.2010;09.01.2011;;
Burundi;1,31995;USD;10.01.2011;09.02.2011;;
Burundi;1,36965;USD;10.02.2011;09.03.2011;;
Burundi;1,37925;USD;10.03.2011;09.04.2011;;
Burundi;1,41465;USD;10.04.2011;09.05.2011;;
Burundi;1,46735;USD;10.05.2011;09.06.2011;;
Burundi;1,42195;USD;10.06.2011;09.07.2011;;
Burundi;1,4313;USD;10.07.2011;09.08.2011;;
Burundi;1,44805;USD;10.08.2011;09.09.2011;;
Burundi;1,45295;USD;10.09.2011;09.10.2011;;
Burundi;1,3628;USD;10.10.2011;09.11.2011;;
Burundi;1,4007;USD;10.11.2011;09.12.2011;;
Chile;1,3353;USD;10.12.2010;09.01.2011;;
Chile;1,31995;USD;10.01.2011;09.02.2011;;
Chile;1,36965;USD;10.02.2011;09.03.2011;;
Chile;1,37925;USD;10.03.2011;09.04.2011;;
Chile;1,41465;USD;10.04.2011;09.05.2011;;
Chile;1,46735;USD;10.05.2011;09.06.2011;;
Chile;1,42195;USD;10.06.2011;09.07.2011;;
Chile;1,4313;USD;10.07.2011;09.08.2011;;
Chile;1,44805;USD;10.08.2011;09.09.2011;;
Chile;1,45295;USD;10.09.2011;09.10.2011;;
Chile;1,3628;USD;10.10.2011;09.11.2011;;
Chile;1,4007;USD;10.11.2011;09.12.2011;;
China;8,87995;CNY;10.12.2010;09.01.2011;;
China;8,7594;CNY;10.01.2011;09.02.2011;;
China;9,026;CNY;10.02.2011;09.03.2011;;
China;9,0358;CNY;10.03.2011;09.04.2011;;
China;9,27435;CNY;10.04.2011;09.05.2011;;
China;9,55735;CNY;10.05.2011;09.06.2011;;
China;9,2411;CNY;10.06.2011;09.07.2011;;
China;9,2591;CNY;10.07.2011;09.08.2011;;
China;9,3285;CNY;10.08.2011;09.09.2011;;
China;9,271;CNY;10.09.2011;09.10.2011;;
China;8,71105;CNY;10.10.2011;09.11.2011;;
China;8,90455;CNY;10.11.2011;09.12.2011;;
C.I.S;1,3353;USD;10.12.2010;09.01.2011;;
C.I.S;1,31995;USD;10.01.2011;09.02.2011;;
C.I.S;1,36965;USD;10.02.2011;09.03.2011;;
C.I.S;1,37925;USD;10.03.2011;09.04.2011;;
C.I.S;1,41465;USD;10.04.2011;09.05.2011;;
C.I.S;1,46735;USD;10.05.2011;09.06.2011;;
C.I.S;1,42195;USD;10.06.2011;09.07.2011;;
C.I.S;1,4313;USD;10.07.2011;09.08.2011;;
C.I.S;1,44805;USD;10.08.2011;09.09.2011;;
C.I.S;1,45295;USD;10.09.2011;09.10.2011;;
C.I.S;1,3628;USD;10.10.2011;09.11.2011;;
C.I.S;1,4007;USD;10.11.2011;09.12.2011;;
Costa Rica;1,3353;USD;10.12.2010;09.01.2011;;
Costa Rica;1,31995;USD;10.01.2011;09.02.2011;;
Costa Rica;1,36965;USD;10.02.2011;09.03.2011;;
Costa Rica;1,37925;USD;10.03.2011;09.04.2011;;
Costa Rica;1,41465;USD;10.04.2011;09.05.2011;;
Costa Rica;1,46735;USD;10.05.2011;09.06.2011;;
Costa Rica;1,42195;USD;10.06.2011;09.07.2011;;
Costa Rica;1,4313;USD;10.07.2011;09.08.2011;;
Costa Rica;1,44805;USD;10.08.2011;09.09.2011;;
Costa Rica;1,45295;USD;10.09.2011;09.10.2011;;
Costa Rica;1,3628;USD;10.10.2011;09.11.2011;;
Costa Rica;1,4007;USD;10.11.2011;09.12.2011;;
Cote d'Ivoire;659,235;XOF;10.12.2010;09.01.2011;;
Cote d'Ivoire;657,10745;XOF;10.01.2011;09.02.2011;;
Cote d'Ivoire;657,1212;XOF;10.02.2011;09.03.2011;;
Cote d'Ivoire;657,43455;XOF;10.03.2011;09.04.2011;;
Cote d'Ivoire;656,19445;XOF;10.04.2011;09.05.2011;;
Cote d'Ivoire;655,95695;XOF;10.05.2011;09.06.2011;;
Cote d'Ivoire;657,0836;XOF;10.06.2011;09.07.2011;;
Cote d'Ivoire;657,08165;XOF;10.07.2011;09.08.2011;;
Cote d'Ivoire;657,02775;XOF;10.08.2011;09.09.2011;;
Cote d'Ivoire;657,1145;XOF;10.09.2011;09.10.2011;;
Cote d'Ivoire;657,0785;XOF;10.10.2011;09.11.2011;;
Cote d'Ivoire;657,1239;XOF;10.11.2011;09.12.2011;;
Dänemark;7,456;DKK;10.12.2010;09.01.2011;;
Dänemark;7,4545;DKK;10.01.2011;09.02.2011;;
Dänemark;7,45385;DKK;10.02.2011;09.03.2011;;
Dänemark;7,4549;DKK;10.03.2011;09.04.2011;;
Dänemark;7,4571;DKK;10.04.2011;09.05.2011;;
Dänemark;7,4557;DKK;10.05.2011;09.06.2011;;
Dänemark;7,4563;DKK;10.06.2011;09.07.2011;;
Dänemark;7,4587;DKK;10.07.2011;09.08.2011;;
Dänemark;7,45315;DKK;10.08.2011;09.09.2011;;
Dänemark;7,45085;DKK;10.09.2011;09.10.2011;;
Dänemark;7,4419;DKK;10.10.2011;09.11.2011;;
Dänemark;7,44355;DKK;10.11.2011;09.12.2011;;
Dominikanische Republik;1,3353;USD;10.12.2010;09.01.2011;;
Dominikanische Republik;1,31995;USD;10.01.2011;09.02.2011;;
Dominikanische Republik;1,36965;USD;10.02.2011;09.03.2011;;
Dominikanische Republik;1,37925;USD;10.03.2011;09.04.2011;;
Dominikanische Republik;1,41465;USD;10.04.2011;09.05.2011;;
Dominikanische Republik;1,46735;USD;10.05.2011;09.06.2011;;
Dominikanische Republik;1,42195;USD;10.06.2011;09.07.2011;;
Dominikanische Republik;1,4313;USD;10.07.2011;09.08.2011;;
Dominikanische Republik;1,44805;USD;10.08.2011;09.09.2011;;
Dominikanische Republik;1,45295;USD;10.09.2011;09.10.2011;;
Dominikanische Republik;1,3628;USD;10.10.2011;09.11.2011;;
Dominikanische Republik;1,4007;USD;10.11.2011;09.12.2011;;
Dschibuti;234,7282;DJF;10.12.2010;09.01.2011;;
Dschibuti;234,6793;DJF;10.01.2011;09.02.2011;;
Dschibuti;243,4142;DJF;10.02.2011;09.03.2011;;
Dschibuti;245,0314;DJF;10.03.2011;09.04.2011;;
Dschibuti;251,4063;DJF;10.04.2011;09.05.2011;;
Dschibuti;260,8307;DJF;10.05.2011;09.06.2011;;
Dschibuti;252,6468;DJF;10.06.2011;09.07.2011;;
Dschibuti;254,3885;DJF;10.07.2011;09.08.2011;;
Dschibuti;257,31005;DJF;10.08.2011;09.09.2011;;
Dschibuti;258,2201;DJF;10.09.2011;09.10.2011;;
Dschibuti;242,1471;DJF;10.10.2011;09.11.2011;;
Dschibuti;248,90575;DJF;10.11.2011;09.12.2011;;
Ecuador;1,3353;USD;10.12.2010;09.01.2011;;
Ecuador;1,31995;USD;10.01.2011;09.02.2011;;
Ecuador;1,36965;USD;10.02.2011;09.03.2011;;
Ecuador;1,37925;USD;10.03.2011;09.04.2011;;
Ecuador;1,41465;USD;10.04.2011;09.05.2011;;
Ecuador;1,46735;USD;10.05.2011;09.06.2011;;
Ecuador;1,42195;USD;10.06.2011;09.07.2011;;
Ecuador;1,4313;USD;10.07.2011;09.08.2011;;
Ecuador;1,44805;USD;10.08.2011;09.09.2011;;
Ecuador;1,45295;USD;10.09.2011;09.10.2011;;
Ecuador;1,3628;USD;10.10.2011;09.11.2011;;
Ecuador;1,4007;USD;10.11.2011;09.12.2011;;
El Salvador;11,68055;SVC;10.12.2010;09.01.2011;;
El Salvador;11,5454;SVC;10.01.2011;09.02.2011;;
El Salvador;11,9812;SVC;10.02.2011;09.03.2011;;
El Salvador;12,06455;SVC;10.03.2011;09.04.2011;;
El Salvador;12,3744;SVC;10.04.2011;09.05.2011;;
El Salvador;12,83805;SVC;10.05.2011;09.06.2011;;
El Salvador;12,4355;SVC;10.06.2011;09.07.2011;;
El Salvador;12,5211;SVC;10.07.2011;09.08.2011;;
El Salvador;12,665;SVC;10.08.2011;09.09.2011;;
El Salvador;12,70925;SVC;10.09.2011;09.10.2011;;
El Salvador;11,91865;SVC;10.10.2011;09.11.2011;;
El Salvador;12,25195;SVC;10.11.2011;09.12.2011;;
Eritrea;20,03;ERN;10.12.2010;09.01.2011;;
Eritrea;19,8075;ERN;10.01.2011;09.02.2011;;
Eritrea;20,5448;ERN;10.02.2011;09.03.2011;;
Eritrea;20,68125;ERN;10.03.2011;09.04.2011;;
Eritrea;21,2193;ERN;10.04.2011;09.05.2011;;
Eritrea;22,011;ERN;10.05.2011;09.06.2011;;
Eritrea;21,324;ERN;10.06.2011;09.07.2011;;
Eritrea;21,471;ERN;10.07.2011;09.08.2011;;
Eritrea;21,7176;ERN;10.08.2011;09.09.2011;;
Eritrea;21,79445;ERN;10.09.2011;09.10.2011;;
Eritrea;20,4363;ERN;10.10.2011;09.11.2011;;
Eritrea;21,0078;ERN;10.11.2011;09.12.2011;;
Estland;1,3353;USD;10.12.2010;09.01.2011;;
Estland;1;EUR;10.01.2011;09.02.2011;;
Estland;1,36965;USD;10.02.2011;09.03.2011;;
Estland;1;EUR;10.03.2011;09.04.2011;;
Estland;1;EUR;10.04.2011;09.05.2011;;
Estland;1;EUR;10.05.2011;09.06.2011;;
Fidschi;2,4663;FJD;10.12.2010;09.01.2011;;
Fidschi;2,43475;FJD;10.01.2011;09.02.2011;;
Fidschi;2,5109;FJD;10.02.2011;09.03.2011;;
Fidschi;2,5077;FJD;10.03.2011;09.04.2011;;
Fidschi;2,5721;FJD;10.04.2011;09.05.2011;;
Fidschi;2,5703;FJD;10.05.2011;09.06.2011;;
Fidschi;2,5016;FJD;10.06.2011;09.07.2011;;
Fidschi;2,5361;FJD;10.07.2011;09.08.2011;;
Fidschi;2,47325;FJD;10.08.2011;09.09.2011;;
Fidschi;2,53165;FJD;10.09.2011;09.10.2011;;
Fidschi;2,45415;FJD;10.10.2011;09.11.2011;;
Fidschi;2,45495;FJD;10.11.2011;09.12.2011;;
Gabun;657,105;XAF;10.12.2010;09.01.2011;;
Gabun;657,10745;XAF;10.01.2011;09.02.2011;;
Gabun;657,1212;XAF;10.02.2011;09.03.2011;;
Gabun;657,43455;XAF;10.03.2011;09.04.2011;;
Gabun;656,19445;XAF;10.04.2011;09.05.2011;;
Gabun;655,95695;XAF;10.05.2011;09.06.2011;;
Gabun;657,0836;XAF;10.06.2011;09.07.2011;;
Gabun;657,08165;XAF;10.07.2011;09.08.2011;;
Gabun;657,02775;XAF;10.08.2011;09.09.2011;;
Gabun;657,1145;XAF;10.09.2011;09.10.2011;;
Gabun;657,0785;XAF;10.10.2011;09.11.2011;;
Gabun;657,1239;XAF;10.11.2011;09.12.2011;;
Gambia;35,72;GMD;10.12.2010;09.01.2011;;
Gambia;37,61345;GMD;10.01.2011;09.02.2011;;
Gambia;38,6932;GMD;10.02.2011;09.03.2011;;
Gambia;38,9898;GMD;10.03.2011;09.04.2011;;
Gambia;39,24545;GMD;10.04.2011;09.05.2011;;
Gambia;41,1448;GMD;10.05.2011;09.06.2011;;
Gambia;39,79785;GMD;10.06.2011;09.07.2011;;
Gambia;40,0662;GMD;10.07.2011;09.08.2011;;
Gambia;39,9227;GMD;10.08.2011;09.09.2011;;
Gambia;41,52385;GMD;10.09.2011;09.10.2011;;
Gambia;39,24005;GMD;10.10.2011;09.11.2011;;
Gambia;40,6601;GMD;10.11.2011;09.12.2011;;
Ghana;1,9345;GHS;10.12.2010;09.01.2011;;
Ghana;1,94555;GHS;10.01.2011;09.02.2011;;
Ghana;2,1333;GHS;10.02.2011;09.03.2011;;
Ghana;2,08175;GHS;10.03.2011;09.04.2011;;
Ghana;2,1656;GHS;10.04.2011;09.05.2011;;
Ghana;2,1945;GHS;10.05.2011;09.06.2011;;
Ghana;2,1425;GHS;10.06.2011;09.07.2011;;
Ghana;2,1725;GHS;10.07.2011;09.08.2011;;
Ghana;2,18295;GHS;10.08.2011;09.09.2011;;
Ghana;2,21555;GHS;10.09.2011;09.10.2011;;
Ghana;2,1636;GHS;10.10.2011;09.11.2011;;
Ghana;2,23205;GHS;10.11.2011;09.12.2011;;
Gibraltar;0,8474;GIP;10.12.2010;09.01.2011;;
Gibraltar;0,85347;GIP;10.01.2011;09.02.2011;;
Gibraltar;0,86165;GIP;10.02.2011;09.03.2011;;
Gibraltar;0,85178;GIP;10.03.2011;09.04.2011;;
Gibraltar;0,88254;GIP;10.04.2011;09.05.2011;;
Gibraltar;0,88795;GIP;10.05.2011;09.06.2011;;
Gibraltar;0,86652;GIP;10.06.2011;09.07.2011;;
Gibraltar;0,8954;GIP;10.07.2011;09.08.2011;;
Gibraltar;0,88186;GIP;10.08.2011;09.09.2011;;
Gibraltar;0,88643;GIP;10.09.2011;09.10.2011;;
Gibraltar;0,8711;GIP;10.10.2011;09.11.2011;;
Gibraltar;0,8748;GIP;10.11.2011;09.12.2011;;
Guatemala;1,3353;USD;10.12.2010;09.01.2011;;
Guatemala;1,31995;USD;10.01.2011;09.02.2011;;
Guatemala;1,36965;USD;10.02.2011;09.03.2011;;
Guatemala;1,37925;USD;10.03.2011;09.04.2011;;
Guatemala;1,41465;USD;10.04.2011;09.05.2011;;
Guatemala;1,46735;USD;10.05.2011;09.06.2011;;
Guatemala;1,42195;USD;10.06.2011;09.07.2011;;
Guatemala;1,4313;USD;10.07.2011;09.08.2011;;
Guatemala;1,44805;USD;10.08.2011;09.09.2011;;
Guatemala;1,45295;USD;10.09.2011;09.10.2011;;
Guatemala;1,3628;USD;10.10.2011;09.11.2011;;
Guatemala;1,4007;USD;10.11.2011;09.12.2011;;
Guinea;9246,965;GNF;10.12.2010;09.01.2011;;
Guinea;9,33794;GNF;10.01.2011;09.02.2011;Umrechnungskurs für 1000 WE (Währungseinheiten);
Guinea;10,20405;GNF;10.02.2011;09.03.2011;Umrechnungskurs für 1000 WE (Währungseinheiten);
Guinea;10,29235;GNF;10.03.2011;09.04.2011;Umrechnungskurs für 1000 WE (Währungseinheiten);
Guinea;9,37186;GNF;10.04.2011;09.05.2011;Umrechnungskurs für 1000 WE (Währungseinheiten);
Guinea;9,72302;GNF;10.05.2011;09.06.2011;Umrechnungskurs für 1000 WE (Währungseinheiten);
Guinea;9,63206;GNF;10.06.2011;09.07.2011;Umrechnungskurs für 1000 WE (Währungseinheiten);
Guinea;9,6977;GNF;10.07.2011;09.08.2011;Umrechnungskurs für 1000 WE (Währungseinheiten);
Guinea;9,79102;GNF;10.08.2011;09.09.2011;Umrechnungskurs für 1000 WE (Währungseinheiten);
Guinea;9,8325;GNF;10.09.2011;09.10.2011;Umrechnungskurs für 1000 WE (Währungseinheiten);
Guinea;9,40412;GNF;10.10.2011;09.11.2011;Umrechnungskurs für 1000 WE (Währungseinheiten);
Guinea;9,80746;GNF;10.11.2011;09.12.2011;Umrechnungskurs für 1000 WE (Währungseinheiten);
Guinea-Bissau;659,235;XOF;10.12.2010;09.01.2011;;
Guinea-Bissau;657,10745;XOF;10.01.2011;09.02.2011;;
Guinea-Bissau;657,1212;XOF;10.02.2011;09.03.2011;;
Guinea-Bissau;657,43455;XOF;10.03.2011;09.04.2011;;
Guinea-Bissau;656,19445;XOF;10.04.2011;09.05.2011;;
Guinea-Bissau;655,95695;XOF;10.05.2011;09.06.2011;;
Guinea-Bissau;657,0836;XOF;10.06.2011;09.07.2011;;
Guinea-Bissau;657,08165;XOF;10.07.2011;09.08.2011;;
Guinea-Bissau;657,02775;XOF;10.08.2011;09.09.2011;;
Guinea-Bissau;657,1145;XOF;10.09.2011;09.10.2011;;
Guinea-Bissau;657,0785;XOF;10.10.2011;09.11.2011;;
Guinea-Bissau;657,1239;XOF;10.11.2011;09.12.2011;;
Haiti;53,0742;HTG;10.12.2010;09.01.2011;;
Haiti;51,4769;HTG;10.01.2011;09.02.2011;;
Haiti;55,22585;HTG;10.02.2011;09.03.2011;;
Haiti;55,66455;HTG;10.03.2011;09.04.2011;;
Haiti;57,083;HTG;10.04.2011;09.05.2011;;
Haiti;59,0073;HTG;10.05.2011;09.06.2011;;
Haiti;57,37915;HTG;10.06.2011;09.07.2011;;
Haiti;57,52645;HTG;10.07.2011;09.08.2011;;
Haiti;58,42175;HTG;10.08.2011;09.09.2011;;
Haiti;58,21105;HTG;10.09.2011;09.10.2011;;
Haiti;54,823;HTG;10.10.2011;09.11.2011;;
Haiti;55,9178;HTG;10.11.2011;09.12.2011;;
Honduras;25,2286;HNL;10.12.2010;09.01.2011;;
Honduras;24,9375;HNL;10.01.2011;09.02.2011;;
Honduras;25,88065;HNL;10.02.2011;09.03.2011;;
Honduras;26,06095;HNL;10.03.2011;09.04.2011;;
Honduras;26,7291;HNL;10.04.2011;09.05.2011;;
Honduras;27,7305;HNL;10.05.2011;09.06.2011;;
Honduras;26,86525;HNL;10.06.2011;09.07.2011;;
Honduras;27,0402;HNL;10.07.2011;09.08.2011;;
Honduras;27,3575;HNL;10.08.2011;09.09.2011;;
Honduras;27,35975;HNL;10.09.2011;09.10.2011;;
Honduras;25,7398;HNL;10.10.2011;09.11.2011;;
Honduras;26,54575;HNL;10.11.2011;09.12.2011;;
Hongkong;10,3609;HKD;10.12.2010;09.01.2011;;
Hongkong;10,27015;HKD;10.01.2011;09.02.2011;;
Hongkong;10,66785;HKD;10.02.2011;09.03.2011;;
Hongkong;10,75075;HKD;10.03.2011;09.04.2011;;
Hongkong;11,03105;HKD;10.04.2011;09.05.2011;;
Hongkong;11,40595;HKD;10.05.2011;09.06.2011;;
Hongkong;11,0648;HKD;10.06.2011;09.07.2011;;
Hongkong;11,1429;HKD;10.07.2011;09.08.2011;;
Hongkong;11,2814;HKD;10.08.2011;09.09.2011;;
Hongkong;11,32385;HKD;10.09.2011;09.10.2011;;
Hongkong;10,622;HKD;10.10.2011;09.11.2011;;
Hongkong;10,88355;HKD;10.11.2011;09.12.2011;;
Indien;60,843;INR;10.12.2010;09.01.2011;;
Indien;59,7438;INR;10.01.2011;09.02.2011;;
Indien;62,83435;INR;10.02.2011;09.03.2011;;
Indien;62,6695;INR;10.03.2011;09.04.2011;;
Indien;63,24915;INR;10.04.2011;09.05.2011;;
Indien;65,2373;INR;10.05.2011;09.06.2011;;
Indien;64,2591;INR;10.06.2011;09.07.2011;;
Indien;64,43355;INR;10.07.2011;09.08.2011;;
Indien;63,761;INR;10.08.2011;09.09.2011;;
Indien;66,693;INR;10.09.2011;09.10.2011;;
Indien;66,5785;INR;10.10.2011;09.11.2011;;
Indien;69,0057;INR;10.11.2011;09.12.2011;;
Indonesien;1,3353;USD;10.12.2010;09.01.2011;;
Indonesien;1,31995;USD;10.01.2011;09.02.2011;;
Indonesien;1,36965;USD;10.02.2011;09.03.2011;;
Indonesien;1,37925;USD;10.03.2011;09.04.2011;;
Indonesien;1,41465;USD;10.04.2011;09.05.2011;;
Indonesien;1,46735;USD;10.05.2011;09.06.2011;;
Indonesien;1,42195;USD;10.06.2011;09.07.2011;;
Indonesien;1,4313;USD;10.07.2011;09.08.2011;;
Indonesien;1,44805;USD;10.08.2011;09.09.2011;;
Indonesien;1,45295;USD;10.09.2011;09.10.2011;;
Indonesien;1,3628;USD;10.10.2011;09.11.2011;;
Indonesien;1,4007;USD;10.11.2011;09.12.2011;;
Irak;1559,63;IQD;10.12.2010;09.01.2011;;
Irak;1543,37315;IQD;10.01.2011;09.02.2011;;
Irak;1600,9458;IQD;10.02.2011;09.03.2011;;
Irak;1612,30215;IQD;10.03.2011;09.04.2011;;
Irak;1653,65565;IQD;10.04.2011;09.05.2011;;
Irak;1715,6538;IQD;10.05.2011;09.06.2011;;
Irak;1661,9093;IQD;10.06.2011;09.07.2011;;
Irak;1673,1543;IQD;10.07.2011;09.08.2011;;
Irak;1692,52465;IQD;10.08.2011;09.09.2011;;
Irak;1709,86405;IQD;10.09.2011;09.10.2011;;
Irak;1602,04055;IQD;10.10.2011;09.11.2011;;
Irak;1673,4323;IQD;10.11.2011;09.12.2011;;
Iran;13,887;IRR;10.12.2010;09.01.2011;Umrechnungskurs für 1000 WE (Währungseinheiten);
Iran;13,68876;IRR;10.01.2011;09.02.2011;Umrechnungskurs für 1000 WE (Währungseinheiten);
Iran;14,19153;IRR;10.02.2011;09.03.2011;Umrechnungskurs für 1000 WE (Währungseinheiten);
Iran;14,24033;IRR;10.03.2011;09.04.2011;Umrechnungskurs für 1000 WE (Währungseinheiten);
Iran;14,66954;IRR;10.04.2011;09.05.2011;Umrechnungskurs für 1000 WE (Währungseinheiten);
Iran;15,30726;IRR;10.05.2011;09.06.2011;Umrechnungskurs für 1000 WE (Währungseinheiten);
Iran;15,07298;IRR;10.06.2011;09.07.2011;Umrechnungskurs für 1000 WE (Währungseinheiten);
Iran;15,74455;IRR;10.07.2011;09.08.2011;Umrechnungskurs für 1000 WE (Währungseinheiten);
Iran;15,35065;IRR;10.08.2011;09.09.2011;Umrechnungskurs für 1000 WE (Währungseinheiten);
Iran;15,29897;IRR;10.09.2011;09.10.2011;Umrechnungskurs für 1000 WE (Währungseinheiten);
Iran;14,67764;IRR;10.10.2011;09.11.2011;Umrechnungskurs für 1000 WE (Währungseinheiten);
Iran;15,01857;IRR;10.11.2011;09.12.2011;Umrechnungskurs für 1000 WE (Währungseinheiten);
Island;153,1;ISK;10.12.2010;09.01.2011;;
Island;153,445;ISK;10.01.2011;09.02.2011;;
Island;158,8;ISK;10.02.2011;09.03.2011;;
Island;160,39;ISK;10.03.2011;09.04.2011;;
Island;162,035;ISK;10.04.2011;09.05.2011;;
Island;164,345;ISK;10.05.2011;09.06.2011;;
Island;164,53;ISK;10.06.2011;09.07.2011;;
Island;165,5;ISK;10.07.2011;09.08.2011;;
Island;165,96;ISK;10.08.2011;09.09.2011;;
Island;164,35;ISK;10.09.2011;09.10.2011;;
Island;160,06;ISK;10.10.2011;09.11.2011;;
Island;158,395;ISK;10.11.2011;09.12.2011;;
Israel;1,3353;USD;10.12.2010;09.01.2011;;
Israel;1,31995;USD;10.01.2011;09.02.2011;;
Israel;1,36965;USD;10.02.2011;09.03.2011;;
Israel;1,37925;USD;10.03.2011;09.04.2011;;
Israel;1,41465;USD;10.04.2011;09.05.2011;;
Israel;1,46735;USD;10.05.2011;09.06.2011;;
Israel;1,42195;USD;10.06.2011;09.07.2011;;
Israel;1,4313;USD;10.07.2011;09.08.2011;;
Israel;1,44805;USD;10.08.2011;09.09.2011;;
Israel;1,45295;USD;10.09.2011;09.10.2011;;
Israel;1,3628;USD;10.10.2011;09.11.2011;;
Israel;1,4007;USD;10.11.2011;09.12.2011;;
Jamaika;114,0079;JMD;10.12.2010;09.01.2011;;
Jamaika;112,48425;JMD;10.01.2011;09.02.2011;;
Jamaika;116,66205;JMD;10.02.2011;09.03.2011;;
Jamaika;117,75735;JMD;10.03.2011;09.04.2011;;
Jamaika;120,7803;JMD;10.04.2011;09.05.2011;;
Jamaika;125,2137;JMD;10.05.2011;09.06.2011;;
Jamaika;121,1008;JMD;10.06.2011;09.07.2011;;
Jamaika;122,2125;JMD;10.07.2011;09.08.2011;;
Jamaika;123,76135;JMD;10.08.2011;09.09.2011;;
Jamaika;124,4772;JMD;10.09.2011;09.10.2011;;
Jamaika;116,8684;JMD;10.10.2011;09.11.2011;;
Jamaika;120,3424;JMD;10.11.2011;09.12.2011;;
Japan;111,64;JPY;10.12.2010;09.01.2011;;
Japan;108,22;JPY;10.01.2011;09.02.2011;;
Japan;112,83;JPY;10.02.2011;09.03.2011;;
Japan;112,93;JPY;10.03.2011;09.04.2011;;
Japan;115,525;JPY;10.04.2011;09.05.2011;;
Japan;119,92;JPY;10.05.2011;09.06.2011;;
Japan;115,26;JPY;10.06.2011;09.07.2011;;
Japan;115,645;JPY;10.07.2011;09.08.2011;;
Japan;112,445;JPY;10.08.2011;09.09.2011;;
Japan;111,365;JPY;10.09.2011;09.10.2011;;
Japan;104,16;JPY;10.10.2011;09.11.2011;;
Japan;106,3;JPY;10.11.2011;09.12.2011;;
Jemen;286,422;YER;10.12.2010;09.01.2011;;
Jemen;282,184;YER;10.01.2011;09.02.2011;;
Jemen;292,83555;YER;10.02.2011;09.03.2011;;
Jemen;294,8729;YER;10.03.2011;09.04.2011;;
Jemen;302,4459;YER;10.04.2011;09.05.2011;;
Jemen;313,77835;YER;10.05.2011;09.06.2011;;
Jemen;303,9392;YER;10.06.2011;09.07.2011;;
Jemen;306,03225;YER;10.07.2011;09.08.2011;;
Jemen;309,54825;YER;10.08.2011;09.09.2011;;
Jemen;310,63;YER;10.09.2011;09.10.2011;;
Jemen;298,05135;YER;10.10.2011;09.11.2011;;
Jemen;306,3866;YER;10.11.2011;09.12.2011;;
Jordan;0,94505;JOD;10.12.2010;09.01.2011;;
Jordan;0,93505;JOD;10.01.2011;09.02.2011;;
Jordan;0,9703;JOD;10.02.2011;09.03.2011;;
Jordan;0,9778;JOD;10.03.2011;09.04.2011;;
Jordan;1,00295;JOD;10.04.2011;09.05.2011;;
Jordan;1,0405;JOD;10.05.2011;09.06.2011;;
Jordan;1,00795;JOD;10.06.2011;09.07.2011;;
Jordan;1,01485;JOD;10.07.2011;09.08.2011;;
Jordan;1,02645;JOD;10.08.2011;09.09.2011;;
Jordan;1,03015;JOD;10.09.2011;09.10.2011;;
Jordan;0,96525;JOD;10.10.2011;09.11.2011;;
Jordan;0,99295;JOD;10.11.2011;09.12.2011;;
Jugoslawien;1,3353;USD;10.12.2010;09.01.2011;;
Jugoslawien;1,31995;USD;10.01.2011;09.02.2011;;
Jugoslawien;1,36965;USD;10.02.2011;09.03.2011;;
Jugoslawien;1,37925;USD;10.03.2011;09.04.2011;;
Jugoslawien;1,41465;USD;10.04.2011;09.05.2011;;
Jugoslawien;1,46735;USD;10.05.2011;09.06.2011;;
Kambodscha;1,3353;USD;10.12.2010;09.01.2011;;
Kambodscha;1,31995;USD;10.01.2011;09.02.2011;;
Kambodscha;1,36965;USD;10.02.2011;09.03.2011;;
Kambodscha;1,37925;USD;10.03.2011;09.04.2011;;
Kambodscha;1,41465;USD;10.04.2011;09.05.2011;;
Kambodscha;1,46735;USD;10.05.2011;09.06.2011;;
Kambodscha;1,42195;USD;10.06.2011;09.07.2011;;
Kambodscha;1,4313;USD;10.07.2011;09.08.2011;;
Kambodscha;1,44805;USD;10.08.2011;09.09.2011;;
Kambodscha;1,45295;USD;10.09.2011;09.10.2011;;
Kambodscha;1,3628;USD;10.10.2011;09.11.2011;;
Kambodscha;1,4007;USD;10.11.2011;09.12.2011;;
Kamerun;657,105;XAF;10.12.2010;09.01.2011;;
Kamerun;657,10745;XAF;10.01.2011;09.02.2011;;
Kamerun;657,1212;XAF;10.02.2011;09.03.2011;;
Kamerun;657,43455;XAF;10.03.2011;09.04.2011;;
Kamerun;656,19445;XAF;10.04.2011;09.05.2011;;
Kamerun;655,95695;XAF;10.05.2011;09.06.2011;;
Kamerun;657,0836;XAF;10.06.2011;09.07.2011;;
Kamerun;657,08165;XAF;10.07.2011;09.08.2011;;
Kamerun;657,02775;XAF;10.08.2011;09.09.2011;;
Kamerun;657,1145;XAF;10.09.2011;09.10.2011;;
Kamerun;657,0785;XAF;10.10.2011;09.11.2011;;
Kamerun;657,1239;XAF;10.11.2011;09.12.2011;;
Kanada;1,34825;CAD;10.12.2010;09.01.2011;;
Kanada;1,31915;CAD;10.01.2011;09.02.2011;;
Kanada;1,36315;CAD;10.02.2011;09.03.2011;;
Kanada;1,3556;CAD;10.03.2011;09.04.2011;;
Kanada;1,37911;CAD;10.04.2011;09.05.2011;;
Kanada;1,39763;CAD;10.05.2011;09.06.2011;;
Kanada;1,39017;CAD;10.06.2011;09.07.2011;;
Kanada;1,41097;CAD;10.07.2011;09.08.2011;;
Kanada;1,36466;CAD;10.08.2011;09.09.2011;;
Kanada;1,42117;CAD;10.09.2011;09.10.2011;;
Kanada;1,39398;CAD;10.10.2011;09.11.2011;;
Kanada;1,39929;CAD;10.11.2011;09.12.2011;;
Kape Verde;110,2625;CVE;10.12.2010;09.01.2011;;
Kape Verde;110,265;CVE;10.01.2011;09.02.2011;;
Kape Verde;110,265;CVE;10.02.2011;09.03.2011;;
Kape Verde;110,265;CVE;10.03.2011;09.04.2011;;
Kape Verde;110,265;CVE;10.04.2011;09.05.2011;;
Kape Verde;110,265;CVE;10.05.2011;09.06.2011;;
Kape Verde;110,265;CVE;10.06.2011;09.07.2011;;
Kape Verde;110,265;CVE;10.07.2011;09.08.2011;;
Kape Verde;110,265;CVE;10.08.2011;09.09.2011;;
Kape Verde;110,265;CVE;10.09.2011;09.10.2011;;
Kape Verde;110,265;CVE;10.10.2011;09.11.2011;;
Kape Verde;110,265;CVE;10.11.2011;09.12.2011;;
Katar;4,8625;QAR;10.12.2010;09.01.2011;;
Katar;4,80575;QAR;10.01.2011;09.02.2011;;
Katar;4,98715;QAR;10.02.2011;09.03.2011;;
Katar;5,0225;QAR;10.03.2011;09.04.2011;;
Katar;5,15155;QAR;10.04.2011;09.05.2011;;
Katar;5,3442;QAR;10.05.2011;09.06.2011;;
Katar;5,1773;QAR;10.06.2011;09.07.2011;;
Katar;5,21235;QAR;10.07.2011;09.08.2011;;
Katar;5,2722;QAR;10.08.2011;09.09.2011;;
Katar;5,29065;QAR;10.09.2011;09.10.2011;;
Katar;4,9619;QAR;10.10.2011;09.11.2011;;
Katar;5,1005;QAR;10.11.2011;09.12.2011;;
Kenia;1,3353;USD;10.12.2010;09.01.2011;;
Kenia;1,31995;USD;10.01.2011;09.02.2011;;
Kenia;1,36965;USD;10.02.2011;09.03.2011;;
Kenia;1,37925;USD;10.03.2011;09.04.2011;;
Kenia;1,41465;USD;10.04.2011;09.05.2011;;
Kenia;1,46735;USD;10.05.2011;09.06.2011;;
Kenia;1,42195;USD;10.06.2011;09.07.2011;;
Kenia;1,4313;USD;10.07.2011;09.08.2011;;
Kenia;1,44805;USD;10.08.2011;09.09.2011;;
Kenia;1,45295;USD;10.09.2011;09.10.2011;;
Kenia;1,3628;USD;10.10.2011;09.11.2011;;
Kenia;1,4007;USD;10.11.2011;09.12.2011;;
Kolumbien;1,3353;USD;10.12.2010;09.01.2011;;
Kolumbien;1,31995;USD;10.01.2011;09.02.2011;;
Kolumbien;1,36965;USD;10.02.2011;09.03.2011;;
Kolumbien;1,37925;USD;10.03.2011;09.04.2011;;
Kolumbien;1,41465;USD;10.04.2011;09.05.2011;;
Kolumbien;1,46735;USD;10.05.2011;09.06.2011;;
Kolumbien;1,42195;USD;10.06.2011;09.07.2011;;
Kolumbien;1,4313;USD;10.07.2011;09.08.2011;;
Kolumbien;1,44805;USD;10.08.2011;09.09.2011;;
Kolumbien;1,45295;USD;10.09.2011;09.10.2011;;
Kolumbien;1,3628;USD;10.10.2011;09.11.2011;;
Kolumbien;1,4007;USD;10.11.2011;09.12.2011;;
Komoren;492,125;KMF;10.12.2010;09.01.2011;;
Komoren;489,37245;KMF;10.01.2011;09.02.2011;;
Komoren;491,42065;KMF;10.02.2011;09.03.2011;;
Komoren;492,56605;KMF;10.03.2011;09.04.2011;;
Komoren;492,4971;KMF;10.04.2011;09.05.2011;;
Komoren;492,25475;KMF;10.05.2011;09.06.2011;;
Komoren;490,77845;KMF;10.06.2011;09.07.2011;;
Komoren;493,63525;KMF;10.07.2011;09.08.2011;;
Komoren;491,9132;KMF;10.08.2011;09.09.2011;;
Komoren;491,5449;KMF;10.09.2011;09.10.2011;;
Komoren;493,71445;KMF;10.10.2011;09.11.2011;;
Komoren;491,6764;KMF;10.11.2011;09.12.2011;;
Kongo;657,105;XAF;10.12.2010;09.01.2011;;
Kongo;657,10745;XAF;10.01.2011;09.02.2011;;
Kongo;657,1212;XAF;10.02.2011;09.03.2011;;
Kongo;657,43455;XAF;10.03.2011;09.04.2011;;
Kongo;656,19445;XAF;10.04.2011;09.05.2011;;
Kongo;655,95695;XAF;10.05.2011;09.06.2011;;
Kongo;657,0836;XAF;10.06.2011;09.07.2011;;
Kongo;657,08165;XAF;10.07.2011;09.08.2011;;
Kongo;657,02775;XAF;10.08.2011;09.09.2011;;
Kongo;657,1145;XAF;10.09.2011;09.10.2011;;
Kongo;657,0785;XAF;10.10.2011;09.11.2011;;
Kongo;657,1239;XAF;10.11.2011;09.12.2011;;
Kongo, Demokratische Republik;1,3353;USD;10.12.2010;09.01.2011;;
Kongo, Demokratische Republik;1,31995;USD;10.01.2011;09.02.2011;;
Kongo, Demokratische Republik;1,36965;USD;10.02.2011;09.03.2011;;
Kongo, Demokratische Republik;1,37925;USD;10.03.2011;09.04.2011;;
Kongo, Demokratische Republik;1,41465;USD;10.04.2011;09.05.2011;;
Kongo, Demokratische Republik;1,46735;USD;10.05.2011;09.06.2011;;
Kongo, Demokratische Republik;1,42195;USD;10.06.2011;09.07.2011;;
Kongo, Demokratische Republik;1,4313;USD;10.07.2011;09.08.2011;;
Kongo, Demokratische Republik;1,44805;USD;10.08.2011;09.09.2011;;
Kongo, Demokratische Republik;1,45295;USD;10.09.2011;09.10.2011;;
Kongo, Demokratische Republik;1,3628;USD;10.10.2011;09.11.2011;;
Kongo, Demokratische Republik;1,4007;USD;10.11.2011;09.12.2011;;
Kroatien;1,3353;USD;10.12.2010;09.01.2011;;
Kroatien;1,31995;USD;10.01.2011;09.02.2011;;
Kroatien;1,36965;USD;10.02.2011;09.03.2011;;
Kroatien;1,37925;USD;10.03.2011;09.04.2011;;
Kroatien;1,41465;USD;10.04.2011;09.05.2011;;
Kroatien;1,46735;USD;10.05.2011;09.06.2011;;
Kroatien;1,42195;USD;10.06.2011;09.07.2011;;
Kroatien;1,4313;USD;10.07.2011;09.08.2011;;
Kroatien;1,44805;USD;10.08.2011;09.09.2011;;
Kroatien;1,45295;USD;10.09.2011;09.10.2011;;
Kroatien;1,3628;USD;10.10.2011;09.11.2011;;
Kroatien;1,4007;USD;10.11.2011;09.12.2011;;
Kuba;1,3353;USD;10.12.2010;09.01.2011;;
Kuba;1,31995;USD;10.01.2011;09.02.2011;;
Kuba;1,36965;USD;10.02.2011;09.03.2011;;
Kuba;1,37925;USD;10.03.2011;09.04.2011;;
Kuba;1,41465;USD;10.04.2011;09.05.2011;;
Kuba;1,46735;USD;10.05.2011;09.06.2011;;
Kuba;1,42195;USD;10.06.2011;09.07.2011;;
Kuba;1,4313;USD;10.07.2011;09.08.2011;;
Kuba;1,44805;USD;10.08.2011;09.09.2011;;
Kuba;1,45295;USD;10.09.2011;09.10.2011;;
Kuba;1,3628;USD;10.10.2011;09.11.2011;;
Kuba;1,4007;USD;10.11.2011;09.12.2011;;
Kuwait;0,37595;KWD;10.12.2010;09.01.2011;;
Kuwait;0,37205;KWD;10.01.2011;09.02.2011;;
Kuwait;0,38285;KWD;10.02.2011;09.03.2011;;
Kuwait;0,3844;KWD;10.03.2011;09.04.2011;;
Kuwait;0,3922;KWD;10.04.2011;09.05.2011;;
Kuwait;0,4036;KWD;10.05.2011;09.06.2011;;
Kuwait;0,3919;KWD;10.06.2011;09.07.2011;;
Kuwait;0,3935;KWD;10.07.2011;09.08.2011;;
Kuwait;0,3947;KWD;10.08.2011;09.09.2011;;
Kuwait;0,3955;KWD;10.09.2011;09.10.2011;;
Kuwait;0,3767;KWD;10.10.2011;09.11.2011;;
Kuwait;0,3843;KWD;10.11.2011;09.12.2011;;
Laos;1,3353;USD;10.12.2010;09.01.2011;;
Laos;1,31995;USD;10.01.2011;09.02.2011;;
Laos;1,36965;USD;10.02.2011;09.03.2011;;
Laos;1,37925;USD;10.03.2011;09.04.2011;;
Laos;1,41465;USD;10.04.2011;09.05.2011;;
Laos;1,46735;USD;10.05.2011;09.06.2011;;
Laos;1,42195;USD;10.06.2011;09.07.2011;;
Laos;1,4313;USD;10.07.2011;09.08.2011;;
Laos;1,44805;USD;10.08.2011;09.09.2011;;
Laos;1,45295;USD;10.09.2011;09.10.2011;;
Laos;1,3628;USD;10.10.2011;09.11.2011;;
Laos;1,4007;USD;10.11.2011;09.12.2011;;
Lettland;0,7096;LVL;10.12.2010;09.01.2011;;
Lettland;0,70985;LVL;10.01.2011;09.02.2011;;
Lettland;0,7039;LVL;10.02.2011;09.03.2011;;
Lettland;0,7044;LVL;10.03.2011;09.04.2011;;
Lettland;0,70925;LVL;10.04.2011;09.05.2011;;
Lettland;0,70935;LVL;10.05.2011;09.06.2011;;
Lettland;0,7093;LVL;10.06.2011;09.07.2011;;
Lettland;0,70935;LVL;10.07.2011;09.08.2011;;
Lettland;0,7095;LVL;10.08.2011;09.09.2011;;
Lettland;0,70945;LVL;10.09.2011;09.10.2011;;
Lettland;0,70935;LVL;10.10.2011;09.11.2011;;
Lettland;0,7045;LVL;10.11.2011;09.12.2011;;
Libanon;1,3353;USD;10.12.2010;09.01.2011;;
Libanon;1,31995;USD;10.01.2011;09.02.2011;;
Libanon;1,36965;USD;10.02.2011;09.03.2011;;
Libanon;1,37925;USD;10.03.2011;09.04.2011;;
Libanon;1,41465;USD;10.04.2011;09.05.2011;;
Libanon;1,46735;USD;10.05.2011;09.06.2011;;
Libanon;1,42195;USD;10.06.2011;09.07.2011;;
Libanon;1,4313;USD;10.07.2011;09.08.2011;;
Libanon;1,44805;USD;10.08.2011;09.09.2011;;
Libanon;1,45295;USD;10.09.2011;09.10.2011;;
Libanon;1,3628;USD;10.10.2011;09.11.2011;;
Libanon;1,4007;USD;10.11.2011;09.12.2011;;
Liberia;1,3353;LRD;10.12.2010;09.01.2011;;
Liberia;1,31995;LRD;10.01.2011;09.02.2011;;
Liberia;1,36965;LRD;10.02.2011;09.03.2011;;
Liberia;1,37925;LRD;10.03.2011;09.04.2011;;
Liberia;1,41465;LRD;10.04.2011;09.05.2011;;
Liberia;1,46735;LRD;10.05.2011;09.06.2011;;
Liberia;1,42195;LRD;10.06.2011;09.07.2011;;
Liberia;1,4313;LRD;10.07.2011;09.08.2011;;
Liberia;1,44805;LRD;10.08.2011;09.09.2011;;
Liberia;1,45295;LRD;10.09.2011;09.10.2011;;
Liberia;1,3628;LRD;10.10.2011;09.11.2011;;
Liberia;1,4007;LRD;10.11.2011;09.12.2011;;
Libysch-Arabische Dschamahirija;1,6746;LYD;10.12.2010;09.01.2011;;
Libysch-Arabische Dschamahirija;1,6655;LYD;10.01.2011;09.02.2011;;
Libysch-Arabische Dschamahirija;1,6924;LYD;10.02.2011;09.03.2011;;
Libysch-Arabische Dschamahirija;1,70475;LYD;10.03.2011;09.04.2011;;
Libysch-Arabische Dschamahirija;1,7271;LYD;10.04.2011;09.05.2011;;
Libysch-Arabische Dschamahirija;1,75525;LYD;10.05.2011;09.06.2011;;
Libysch-Arabische Dschamahirija;1,70585;LYD;10.06.2011;09.07.2011;;
Libysch-Arabische Dschamahirija;1,7373;LYD;10.07.2011;09.08.2011;;
Libysch-Arabische Dschamahirija;1,736;LYD;10.08.2011;09.09.2011;;
Libysch-Arabische Dschamahirija;1,7377;LYD;10.09.2011;09.10.2011;;
Libysch-Arabische Dschamahirija;1,6785;LYD;10.10.2011;09.11.2011;;
Libysch-Arabische Dschamahirija;1,70235;LYD;10.11.2011;09.12.2011;;
Litauen;3,45285;LTL;10.12.2010;09.01.2011;;
Litauen;3,4524;LTL;10.01.2011;09.02.2011;;
Litauen;3,4527;LTL;10.02.2011;09.03.2011;;
Litauen;3,4528;LTL;10.03.2011;09.04.2011;;
Litauen;3,45285;LTL;10.04.2011;09.05.2011;;
Litauen;3,45285;LTL;10.05.2011;09.06.2011;;
Litauen;3,4527;LTL;10.06.2011;09.07.2011;;
Litauen;3,4528;LTL;10.07.2011;09.08.2011;;
Litauen;3,452;LTL;10.08.2011;09.09.2011;;
Litauen;3,4527;LTL;10.09.2011;09.10.2011;;
Litauen;3,45295;LTL;10.10.2011;09.11.2011;;
Litauen;3,4527;LTL;10.11.2011;09.12.2011;;
Madagaskar;2676;MGA;10.12.2010;09.01.2011;;
Madagaskar;2833,5068;MGA;10.01.2011;09.02.2011;;
Madagaskar;2809,87905;MGA;10.02.2011;09.03.2011;;
Madagaskar;2766,1704;MGA;10.03.2011;09.04.2011;;
Madagaskar;2843,3257;MGA;10.04.2011;09.05.2011;;
Madagaskar;2869,51115;MGA;10.05.2011;09.06.2011;;
Madagaskar;2798,62705;MGA;10.06.2011;09.07.2011;;
Madagaskar;2796,23035;MGA;10.07.2011;09.08.2011;;
Madagaskar;2863,10355;MGA;10.08.2011;09.09.2011;;
Madagaskar;2840,41945;MGA;10.09.2011;09.10.2011;;
Madagaskar;2799,9794;MGA;10.10.2011;09.11.2011;;
Madagaskar;2945,9939;MGA;10.11.2011;09.12.2011;;
Malawi;1,3353;USD;10.12.2010;09.01.2011;;
Malawi;1,31995;USD;10.01.2011;09.02.2011;;
Malawi;1,36965;USD;10.02.2011;09.03.2011;;
Malawi;1,37925;USD;10.03.2011;09.04.2011;;
Malawi;1,41465;USD;10.04.2011;09.05.2011;;
Malawi;1,46735;USD;10.05.2011;09.06.2011;;
Malawi;1,42195;USD;10.06.2011;09.07.2011;;
Malawi;1,4313;USD;10.07.2011;09.08.2011;;
Malawi;1,44805;USD;10.08.2011;09.09.2011;;
Malawi;1,45295;USD;10.09.2011;09.10.2011;;
Malawi;1,3628;USD;10.10.2011;09.11.2011;;
Malawi;1,4007;USD;10.11.2011;09.12.2011;;
Malaysia;4,18215;MYR;10.12.2010;09.01.2011;;
Malaysia;4,09425;MYR;10.01.2011;09.02.2011;;
Malaysia;4,18705;MYR;10.02.2011;09.03.2011;;
Malaysia;4,2139;MYR;10.03.2011;09.04.2011;;
Malaysia;4,28135;MYR;10.04.2011;09.05.2011;;
Malaysia;4,37135;MYR;10.05.2011;09.06.2011;;
Malaysia;4,30825;MYR;10.06.2011;09.07.2011;;
Malaysia;4,3606;MYR;10.07.2011;09.08.2011;;
Malaysia;4,25845;MYR;10.08.2011;09.09.2011;;
Malaysia;4,33055;MYR;10.09.2011;09.10.2011;;
Malaysia;4,3016;MYR;10.10.2011;09.11.2011;;
Malaysia;4,3625;MYR;10.11.2011;09.12.2011;;
Malediven;1,3353;USD;10.12.2010;09.01.2011;;
Malediven;1,31995;USD;10.01.2011;09.02.2011;;
Malediven;1,36965;USD;10.02.2011;09.03.2011;;
Malediven;1,37925;USD;10.03.2011;09.04.2011;;
Malediven;1,41465;USD;10.04.2011;09.05.2011;;
Malediven;1,46735;USD;10.05.2011;09.06.2011;;
Malediven;1,42195;USD;10.06.2011;09.07.2011;;
Malediven;1,4313;USD;10.07.2011;09.08.2011;;
Malediven;1,44805;USD;10.08.2011;09.09.2011;;
Malediven;1,45295;USD;10.09.2011;09.10.2011;;
Malediven;1,3628;USD;10.10.2011;09.11.2011;;
Malediven;1,4007;USD;10.11.2011;09.12.2011;;
Mali;659,235;XOF;10.12.2010;09.01.2011;;
Mali;657,10745;XOF;10.01.2011;09.02.2011;;
Mali;657,1212;XOF;10.02.2011;09.03.2011;;
Mali;657,43455;XOF;10.03.2011;09.04.2011;;
Mali;656,19445;XOF;10.04.2011;09.05.2011;;
Mali;655,95695;XOF;10.05.2011;09.06.2011;;
Mali;657,0836;XOF;10.06.2011;09.07.2011;;
Mali;657,08165;XOF;10.07.2011;09.08.2011;;
Mali;657,02775;XOF;10.08.2011;09.09.2011;;
Mali;657,1145;XOF;10.09.2011;09.10.2011;;
Mali;657,0785;XOF;10.10.2011;09.11.2011;;
Mali;657,1239;XOF;10.11.2011;09.12.2011;;
Marokko;11,18155;MAD;10.12.2010;09.01.2011;;
Marokko;11,1219;MAD;10.01.2011;09.02.2011;;
Marokko;11,23;MAD;10.02.2011;09.03.2011;;
Marokko;11,24;MAD;10.03.2011;09.04.2011;;
Marokko;11,3021;MAD;10.04.2011;09.05.2011;;
Marokko;11,3754;MAD;10.05.2011;09.06.2011;;
Marokko;11,3201;MAD;10.06.2011;09.07.2011;;
Marokko;11,3325;MAD;10.07.2011;09.08.2011;;
Marokko;11,35185;MAD;10.08.2011;09.09.2011;;
Marokko;11,3601;MAD;10.09.2011;09.10.2011;;
Marokko;11,2345;MAD;10.10.2011;09.11.2011;;
Marokko;11,2912;MAD;10.11.2011;09.12.2011;;
Mauretanien;375,22;MRO;10.12.2010;09.01.2011;;
Mauretanien;373,5176;MRO;10.01.2011;09.02.2011;;
Mauretanien;384,8716;MRO;10.02.2011;09.03.2011;;
Mauretanien;395,1405;MRO;10.03.2011;09.04.2011;;
Mauretanien;391,1426;MRO;10.04.2011;09.05.2011;;
Mauretanien;399,92785;MRO;10.05.2011;09.06.2011;;
Mauretanien;388,09825;MRO;10.06.2011;09.07.2011;;
Mauretanien;393,5763;MRO;10.07.2011;09.08.2011;;
Mauretanien;401,05165;MRO;10.08.2011;09.09.2011;;
Mauretanien;406,812;MRO;10.09.2011;09.10.2011;;
Mauretanien;388,31835;MRO;10.10.2011;09.11.2011;;
Mauretanien;403,37975;MRO;10.11.2011;09.12.2011;;
Mauritius;40,395;MUR;10.12.2010;09.01.2011;;
Mauritius;40,28055;MUR;10.01.2011;09.02.2011;;
Mauritius;40,2835;MUR;10.02.2011;09.03.2011;;
Mauritius;41,09245;MUR;10.03.2011;09.04.2011;;
Mauritius;40,3841;MUR;10.04.2011;09.05.2011;;
Mauritius;40,58125;MUR;10.05.2011;09.06.2011;;
Mauritius;39,80775;MUR;10.06.2011;09.07.2011;;
Mauritius;40,64565;MUR;10.07.2011;09.08.2011;;
Mauritius;40,4671;MUR;10.08.2011;09.09.2011;;
Mauritius;40,60855;MUR;10.09.2011;09.10.2011;;
Mauritius;39,51305;MUR;10.10.2011;09.11.2011;;
Mauritius;40,47355;MUR;10.11.2011;09.12.2011;;
Mexiko;1,3353;USD;10.12.2010;09.01.2011;;
Mexiko;1,31995;USD;10.01.2011;09.02.2011;;
Mexiko;1,36965;USD;10.02.2011;09.03.2011;;
Mexiko;1,37925;USD;10.03.2011;09.04.2011;;
Mexiko;1,41465;USD;10.04.2011;09.05.2011;;
Mexiko;1,46735;USD;10.05.2011;09.06.2011;;
Mexiko;1,42195;USD;10.06.2011;09.07.2011;;
Mexiko;1,4313;USD;10.07.2011;09.08.2011;;
Mexiko;1,44805;USD;10.08.2011;09.09.2011;;
Mexiko;1,45295;USD;10.09.2011;09.10.2011;;
Mexiko;1,3628;USD;10.10.2011;09.11.2011;;
Mexiko;1,4007;USD;10.11.2011;09.12.2011;;
Mosambik;47,605;MZN;10.12.2010;09.01.2011;;
Mosambik;43,2251;MZN;10.01.2011;09.02.2011;;
Mosambik;44,446;MZN;10.02.2011;09.03.2011;;
Mosambik;43,00345;MZN;10.03.2011;09.04.2011;;
Mosambik;43,78865;MZN;10.04.2011;09.05.2011;;
Mosambik;45,8633;MZN;10.05.2011;09.06.2011;;
Mosambik;42,18745;MZN;10.06.2011;09.07.2011;;
Mosambik;41,1526;MZN;10.07.2011;09.08.2011;;
Mosambik;40,6843;MZN;10.08.2011;09.09.2011;;
Mosambik;39,8821;MZN;10.09.2011;09.10.2011;;
Mosambik;36,9216;MZN;10.10.2011;09.11.2011;;
Mosambik;37,8827;MZN;10.11.2011;09.12.2011;;
Myanmar;8,59265;MMK;10.12.2010;09.01.2011;;
Myanmar;8,4747;MMK;10.01.2011;09.02.2011;;
Myanmar;8,7933;MMK;10.02.2011;09.03.2011;;
Myanmar;8,8551;MMK;10.03.2011;09.04.2011;;
Myanmar;9,0817;MMK;10.04.2011;09.05.2011;;
Myanmar;9,42295;MMK;10.05.2011;09.06.2011;;
Myanmar;9,1512;MMK;10.06.2011;09.07.2011;;
Myanmar;9,17255;MMK;10.07.2011;09.08.2011;;
Myanmar;9,3173;MMK;10.08.2011;09.09.2011;;
Myanmar;9,28315;MMK;10.09.2011;09.10.2011;;
Myanmar;8,71495;MMK;10.10.2011;09.11.2011;;
Myanmar;8,96085;MMK;10.11.2011;09.12.2011;;
Namibia;9,3871;NAD;10.12.2010;09.01.2011;;
Namibia;8,8161;NAD;10.01.2011;09.02.2011;;
Namibia;9,74125;NAD;10.02.2011;09.03.2011;;
Namibia;9,8033;NAD;10.03.2011;09.04.2011;;
Namibia;9,71325;NAD;10.04.2011;09.05.2011;;
Namibia;9,7661;NAD;10.05.2011;09.06.2011;;
Namibia;9,8868;NAD;10.06.2011;09.07.2011;;
Namibia;9,82375;NAD;10.07.2011;09.08.2011;;
Namibia;9,6263;NAD;10.08.2011;09.09.2011;;
Namibia;10,30465;NAD;10.09.2011;09.10.2011;;
Namibia;10,6706;NAD;10.10.2011;09.11.2011;;
Namibia;10,97145;NAD;10.11.2011;09.12.2011;;
Nepal;1,3353;USD;10.12.2010;09.01.2011;;
Nepal;1,31995;USD;10.01.2011;09.02.2011;;
Nepal;1,36965;USD;10.02.2011;09.03.2011;;
Nepal;1,37925;USD;10.03.2011;09.04.2011;;
Nepal;1,41465;USD;10.04.2011;09.05.2011;;
Nepal;1,46735;USD;10.05.2011;09.06.2011;;
Nepal;1,42195;USD;10.06.2011;09.07.2011;;
Nepal;1,4313;USD;10.07.2011;09.08.2011;;
Nepal;1,44805;USD;10.08.2011;09.09.2011;;
Nepal;1,45295;USD;10.09.2011;09.10.2011;;
Nepal;1,3628;USD;10.10.2011;09.11.2011;;
Nepal;1,4007;USD;10.11.2011;09.12.2011;;
Neukaledonien;119,32;XPF;10.12.2010;09.01.2011;;
Neukaledonien;118,872;XPF;10.01.2011;09.02.2011;;
Neukaledonien;119,08265;XPF;10.02.2011;09.03.2011;;
Neukaledonien;119,60175;XPF;10.03.2011;09.04.2011;;
Neukaledonien;119,4575;XPF;10.04.2011;09.05.2011;;
Neukaledonien;119,4013;XPF;10.05.2011;09.06.2011;;
Neukaledonien;119,03485;XPF;10.06.2011;09.07.2011;;
Neukaledonien;119,7362;XPF;10.07.2011;09.08.2011;;
Neukaledonien;118,95695;XPF;10.08.2011;09.09.2011;;
Neukaledonien;119,61575;XPF;10.09.2011;09.10.2011;;
Neukaledonien;119,9055;XPF;10.10.2011;09.11.2011;;
Neukaledonien;119,45285;XPF;10.11.2011;09.12.2011;;
Neuseeland;1,7574;NZD;10.12.2010;09.01.2011;;
Neuseeland;1,74485;NZD;10.01.2011;09.02.2011;;
Neuseeland;1,7644;NZD;10.02.2011;09.03.2011;;
Neuseeland;1,8437;NZD;10.03.2011;09.04.2011;;
Neuseeland;1,8778;NZD;10.04.2011;09.05.2011;;
Neuseeland;1,8205;NZD;10.05.2011;09.06.2011;;
Neuseeland;1,74385;NZD;10.06.2011;09.07.2011;;
Neuseeland;1,7754;NZD;10.07.2011;09.08.2011;;
Neuseeland;1,65305;NZD;10.08.2011;09.09.2011;;
Neuseeland;1,71935;NZD;10.09.2011;09.10.2011;;
Neuseeland;1,7286;NZD;10.10.2011;09.11.2011;;
Neuseeland;1,734;NZD;10.11.2011;09.12.2011;;
Nicaragua;1,3353;USD;10.12.2010;09.01.2011;;
Nicaragua;1,31995;USD;10.01.2011;09.02.2011;;
Nicaragua;1,36965;USD;10.02.2011;09.03.2011;;
Nicaragua;1,37925;USD;10.03.2011;09.04.2011;;
Nicaragua;1,41465;USD;10.04.2011;09.05.2011;;
Nicaragua;1,46735;USD;10.05.2011;09.06.2011;;
Nicaragua;1,42195;USD;10.06.2011;09.07.2011;;
Nicaragua;1,4313;USD;10.07.2011;09.08.2011;;
Nicaragua;1,44805;USD;10.08.2011;09.09.2011;;
Nicaragua;1,45295;USD;10.09.2011;09.10.2011;;
Nicaragua;1,3628;USD;10.10.2011;09.11.2011;;
Nicaragua;1,4007;USD;10.11.2011;09.12.2011;;
Niederländische Antillen;2,3635;ANG;10.12.2010;09.01.2011;;
Niederländische Antillen;2,3638;ANG;10.01.2011;09.02.2011;;
Niederländische Antillen;2,4514;ANG;10.02.2011;09.03.2011;;
Niederländische Antillen;2,46795;ANG;10.03.2011;09.04.2011;;
Niederländische Antillen;2,5322;ANG;10.04.2011;09.05.2011;;
Niederländische Antillen;2,62725;ANG;10.05.2011;09.06.2011;;
Niederländische Antillen;2,5447;ANG;10.06.2011;09.07.2011;;
Niederländische Antillen;2,5622;ANG;10.07.2011;09.08.2011;;
Niederländische Antillen;2,59165;ANG;10.08.2011;09.09.2011;;
Niederländische Antillen;2,6008;ANG;10.09.2011;09.10.2011;;
Niederländische Antillen;2,4389;ANG;10.10.2011;09.11.2011;;
Niederländische Antillen;2,507;ANG;10.11.2011;09.12.2011;;
Niger;659,235;XOF;10.12.2010;09.01.2011;;
Niger;657,10745;XOF;10.01.2011;09.02.2011;;
Niger;657,1212;XOF;10.02.2011;09.03.2011;;
Niger;657,43455;XOF;10.03.2011;09.04.2011;;
Niger;656,19445;XOF;10.04.2011;09.05.2011;;
Niger;655,95695;XOF;10.05.2011;09.06.2011;;
Niger;657,0836;XOF;10.06.2011;09.07.2011;;
Niger;657,08165;XOF;10.07.2011;09.08.2011;;
Niger;657,02775;XOF;10.08.2011;09.09.2011;;
Niger;657,1145;XOF;10.09.2011;09.10.2011;;
Niger;657,0785;XOF;10.10.2011;09.11.2011;;
Niger;657,1239;XOF;10.11.2011;09.12.2011;;
Nigeria;1,3353;USD;10.12.2010;09.01.2011;;
Nigeria;1,31995;USD;10.01.2011;09.02.2011;;
Nigeria;1,36965;USD;10.02.2011;09.03.2011;;
Nigeria;1,37925;USD;10.03.2011;09.04.2011;;
Nigeria;1,41465;USD;10.04.2011;09.05.2011;;
Nigeria;1,46735;USD;10.05.2011;09.06.2011;;
Nigeria;1,42195;USD;10.06.2011;09.07.2011;;
Nigeria;1,4313;USD;10.07.2011;09.08.2011;;
Nigeria;1,44805;USD;10.08.2011;09.09.2011;;
Nigeria;1,45295;USD;10.09.2011;09.10.2011;;
Nigeria;1,3628;USD;10.10.2011;09.11.2011;;
Nigeria;1,4007;USD;10.11.2011;09.12.2011;;
Norwegen;8,13675;NOK;10.12.2010;09.01.2011;;
Norwegen;7,82465;NOK;10.01.2011;09.02.2011;;
Norwegen;7,9335;NOK;10.02.2011;09.03.2011;;
Norwegen;7,7293;NOK;10.03.2011;09.04.2011;;
Norwegen;7,89625;NOK;10.04.2011;09.05.2011;;
Norwegen;7,7881;NOK;10.05.2011;09.06.2011;;
Norwegen;7,7884;NOK;10.06.2011;09.07.2011;;
Norwegen;7,8351;NOK;10.07.2011;09.08.2011;;
Norwegen;7,75;NOK;10.08.2011;09.09.2011;;
Norwegen;7,7704;NOK;10.09.2011;09.10.2011;;
Norwegen;7,80565;NOK;10.10.2011;09.11.2011;;
Norwegen;7,66855;NOK;10.11.2011;09.12.2011;;
Oman;0,5141;OMR;10.12.2010;09.01.2011;;
Oman;0,50815;OMR;10.01.2011;09.02.2011;;
Oman;0,5273;OMR;10.02.2011;09.03.2011;;
Oman;0,5309;OMR;10.03.2011;09.04.2011;;
Oman;0,5446;OMR;10.04.2011;09.05.2011;;
Oman;0,56495;OMR;10.05.2011;09.06.2011;;
Oman;0,5473;OMR;10.06.2011;09.07.2011;;
Oman;0,55095;OMR;10.07.2011;09.08.2011;;
Oman;0,5574;OMR;10.08.2011;09.09.2011;;
Oman;0,55935;OMR;10.09.2011;09.10.2011;;
Oman;0,52455;OMR;10.10.2011;09.11.2011;;
Oman;0,5393;OMR;10.11.2011;09.12.2011;;
Pakistan;114,3685;PKR;10.12.2010;09.01.2011;;
Pakistan;113,0518;PKR;10.01.2011;09.02.2011;;
Pakistan;117,2339;PKR;10.02.2011;09.03.2011;;
Pakistan;117,74065;PKR;10.03.2011;09.04.2011;;
Pakistan;120,68835;PKR;10.04.2011;09.05.2011;;
Pakistan;124,0877;PKR;10.05.2011;09.06.2011;;
Pakistan;121,7107;PKR;10.06.2011;09.07.2011;;
Pakistan;123,0819;PKR;10.07.2011;09.08.2011;;
Pakistan;125,2816;PKR;10.08.2011;09.09.2011;;
Pakistan;126,67835;PKR;10.09.2011;09.10.2011;;
Pakistan;119,0837;PKR;10.10.2011;09.11.2011;;
Pakistan;121,6181;PKR;10.11.2011;09.12.2011;;
Panama;1,3353;USD;10.12.2010;09.01.2011;;
Panama;1,31995;USD;10.01.2011;09.02.2011;;
Panama;1,36965;USD;10.02.2011;09.03.2011;;
Panama;1,37925;USD;10.03.2011;09.04.2011;;
Panama;1,41465;USD;10.04.2011;09.05.2011;;
Panama;1,46735;USD;10.05.2011;09.06.2011;;
Panama;1,42195;USD;10.06.2011;09.07.2011;;
Panama;1,4313;USD;10.07.2011;09.08.2011;;
Panama;1,44805;USD;10.08.2011;09.09.2011;;
Panama;1,45295;USD;10.09.2011;09.10.2011;;
Panama;1,3628;USD;10.10.2011;09.11.2011;;
Panama;1,4007;USD;10.11.2011;09.12.2011;;
Papua-Neuguinea;3,4401;PGK;10.12.2010;09.01.2011;;
Papua-Neuguinea;3,47785;PGK;10.01.2011;09.02.2011;;
Papua-Neuguinea;3,6069;PGK;10.02.2011;09.03.2011;;
Papua-Neuguinea;3,56515;PGK;10.03.2011;09.04.2011;;
Papua-Neuguinea;3,6111;PGK;10.04.2011;09.05.2011;;
Papua-Neuguinea;3,6258;PGK;10.05.2011;09.06.2011;;
Papua-Neuguinea;3,3635;PGK;10.06.2011;09.07.2011;;
Papua-Neuguinea;3,28145;PGK;10.07.2011;09.08.2011;;
Papua-Neuguinea;3,26995;PGK;10.08.2011;09.09.2011;;
Papua-Neuguinea;3,26015;PGK;10.09.2011;09.10.2011;;
Papua-Neuguinea;3,0471;PGK;10.10.2011;09.11.2011;;
Papua-Neuguinea;3,0495;PGK;10.11.2011;09.12.2011;;
Paraguay;1,3353;USD;10.12.2010;09.01.2011;;
Paraguay;1,31995;USD;10.01.2011;09.02.2011;;
Paraguay;1,36965;USD;10.02.2011;09.03.2011;;
Paraguay;1,37925;USD;10.03.2011;09.04.2011;;
Paraguay;1,41465;USD;10.04.2011;09.05.2011;;
Paraguay;1,46735;USD;10.05.2011;09.06.2011;;
Paraguay;1,42195;USD;10.06.2011;09.07.2011;;
Paraguay;1,4313;USD;10.07.2011;09.08.2011;;
Paraguay;1,44805;USD;10.08.2011;09.09.2011;;
Paraguay;1,45295;USD;10.09.2011;09.10.2011;;
Paraguay;1,3628;USD;10.10.2011;09.11.2011;;
Paraguay;1,4007;USD;10.11.2011;09.12.2011;;
Peru;1,3353;USD;10.12.2010;09.01.2011;;
Peru;1,31995;USD;10.01.2011;09.02.2011;;
Peru;1,36965;USD;10.02.2011;09.03.2011;;
Peru;1,37925;USD;10.03.2011;09.04.2011;;
Peru;1,41465;USD;10.04.2011;09.05.2011;;
Peru;1,46735;USD;10.05.2011;09.06.2011;;
Peru;1,42195;USD;10.06.2011;09.07.2011;;
Peru;1,4313;USD;10.07.2011;09.08.2011;;
Peru;1,44805;USD;10.08.2011;09.09.2011;;
Peru;1,45295;USD;10.09.2011;09.10.2011;;
Peru;1,3628;USD;10.10.2011;09.11.2011;;
Peru;1,4007;USD;10.11.2011;09.12.2011;;
Philippinen;1,3353;USD;10.12.2010;09.01.2011;;
Philippinen;1,31995;USD;10.01.2011;09.02.2011;;
Philippinen;1,36965;USD;10.02.2011;09.03.2011;;
Philippinen;1,37925;USD;10.03.2011;09.04.2011;;
Philippinen;1,41465;USD;10.04.2011;09.05.2011;;
Philippinen;1,46735;USD;10.05.2011;09.06.2011;;
Philippinen;1,42195;USD;10.06.2011;09.07.2011;;
Philippinen;1,4313;USD;10.07.2011;09.08.2011;;
Philippinen;1,44805;USD;10.08.2011;09.09.2011;;
Philippinen;1,45295;USD;10.09.2011;09.10.2011;;
Philippinen;1,3628;USD;10.10.2011;09.11.2011;;
Philippinen;1,4007;USD;10.11.2011;09.12.2011;;
Polen;3,97935;PLN;10.12.2010;09.01.2011;;
Polen;3,98285;PLN;10.01.2011;09.02.2011;;
Polen;3,92845;PLN;10.02.2011;09.03.2011;;
Polen;3,98585;PLN;10.03.2011;09.04.2011;;
Polen;3,99135;PLN;10.04.2011;09.05.2011;;
Polen;3,94075;PLN;10.05.2011;09.06.2011;;
Polen;3,97815;PLN;10.06.2011;09.07.2011;;
Polen;3,99685;PLN;10.07.2011;09.08.2011;;
Polen;4,0009;PLN;10.08.2011;09.09.2011;;
Polen;4,1614;PLN;10.09.2011;09.10.2011;;
Polen;4,39775;PLN;10.10.2011;09.11.2011;;
Polen;4,35395;PLN;10.11.2011;09.12.2011;;
Republik Korea (Südkorea);1525,11;KRW;10.12.2010;09.01.2011;;
Republik Korea (Südkorea);1519,05615;KRW;10.01.2011;09.02.2011;;
Republik Korea (Südkorea);1526,7816;KRW;10.02.2011;09.03.2011;;
Republik Korea (Südkorea);1557,8882;KRW;10.03.2011;09.04.2011;;
Republik Korea (Südkorea);1567,34585;KRW;10.04.2011;09.05.2011;;
Republik Korea (Südkorea);1584,99975;KRW;10.05.2011;09.06.2011;;
Republik Korea (Südkorea);1541,38455;KRW;10.06.2011;09.07.2011;;
Republik Korea (Südkorea);1546,2101;KRW;10.07.2011;09.08.2011;;
Republik Korea (Südkorea);1525,02465;KRW;10.08.2011;09.09.2011;;
Republik Korea (Südkorea);1561,0648;KRW;10.09.2011;09.10.2011;;
Republik Korea (Südkorea);1586,9102;KRW;10.10.2011;09.11.2011;;
Republik Korea (Südkorea);1560,2218;KRW;10.11.2011;09.12.2011;;
Ruanda;795,835;RWF;10.12.2010;09.01.2011;;
Ruanda;784,10985;RWF;10.01.2011;09.02.2011;;
Ruanda;821,1201;RWF;10.02.2011;09.03.2011;;
Ruanda;826,8146;RWF;10.03.2011;09.04.2011;;
Ruanda;848,04665;RWF;10.04.2011;09.05.2011;;
Ruanda;883,13085;RWF;10.05.2011;09.06.2011;;
Ruanda;851,0076;RWF;10.06.2011;09.07.2011;;
Ruanda;862,05215;RWF;10.07.2011;09.08.2011;;
Ruanda;868,3994;RWF;10.08.2011;09.09.2011;;
Ruanda;871,6515;RWF;10.09.2011;09.10.2011;;
Ruanda;817,40965;RWF;10.10.2011;09.11.2011;;
Ruanda;842,2422;RWF;10.11.2011;09.12.2011;;
Rumänien;1,3353;USD;10.12.2010;09.01.2011;;
Rumänien;1,31995;USD;10.01.2011;09.02.2011;;
Rumänien;1,36965;USD;10.02.2011;09.03.2011;;
Rumänien;1,37925;USD;10.03.2011;09.04.2011;;
Rumänien;1,41465;USD;10.04.2011;09.05.2011;;
Rumänien;1,46735;USD;10.05.2011;09.06.2011;;
Rumänien;1,42195;USD;10.06.2011;09.07.2011;;
Rumänien;1,4313;USD;10.07.2011;09.08.2011;;
Rumänien;1,44805;USD;10.08.2011;09.09.2011;;
Rumänien;1,45295;USD;10.09.2011;09.10.2011;;
Rumänien;1,3628;USD;10.10.2011;09.11.2011;;
Rumänien;1,4007;USD;10.11.2011;09.12.2011;;
Salomonen;10,475;SBD;10.12.2010;09.01.2011;;
Salomonen;10,34785;SBD;10.01.2011;09.02.2011;;
Salomonen;10,72215;SBD;10.02.2011;09.03.2011;;
Salomonen;10,674;SBD;10.03.2011;09.04.2011;;
Salomonen;10,90825;SBD;10.04.2011;09.05.2011;;
Salomonen;11,36665;SBD;10.05.2011;09.06.2011;;
Salomonen;10,9466;SBD;10.06.2011;09.07.2011;;
Salomonen;10,3349;SBD;10.07.2011;09.08.2011;;
Salomonen;10,8334;SBD;10.08.2011;09.09.2011;;
Salomonen;10,81315;SBD;10.09.2011;09.10.2011;;
Salomonen;10,1636;SBD;10.10.2011;09.11.2011;;
Salomonen;10,4202;SBD;10.11.2011;09.12.2011;;
Sambia;6322,645;ZMK;10.12.2010;09.01.2011;;
Sambia;6315,48435;ZMK;10.01.2011;09.02.2011;;
Sambia;6614,9492;ZMK;10.02.2011;09.03.2011;;
Sambia;6564,5137;ZMK;10.03.2011;09.04.2011;;
Sambia;6695,56055;ZMK;10.04.2011;09.05.2011;;
Sambia;6927,42775;ZMK;10.05.2011;09.06.2011;;
Sambia;6752,74415;ZMK;10.06.2011;09.07.2011;;
Sambia;6949,42185;ZMK;10.07.2011;09.08.2011;;
Sambia;6944,6914;ZMK;10.08.2011;09.09.2011;;
Sambia;7235,4434;ZMK;10.09.2011;09.10.2011;;
Sambia;6630,89845;ZMK;10.10.2011;09.11.2011;;
Sambia;6884,4375;ZMK;10.11.2011;09.12.2011;;
Samoa;3,075;WST;10.12.2010;09.01.2011;;
Samoa;3,1483;WST;10.01.2011;09.02.2011;;
Samoa;3,24085;WST;10.02.2011;09.03.2011;;
Samoa;3,30245;WST;10.03.2011;09.04.2011;;
Samoa;3,34165;WST;10.04.2011;09.05.2011;;
Samoa;3,3337;WST;10.05.2011;09.06.2011;;
Samoa;3,23875;WST;10.06.2011;09.07.2011;;
Samoa;3,2838;WST;10.07.2011;09.08.2011;;
Samoa;3,18245;WST;10.08.2011;09.09.2011;;
Samoa;3,27275;WST;10.09.2011;09.10.2011;;
Samoa;3,1847;WST;10.10.2011;09.11.2011;;
Samoa;3,23595;WST;10.11.2011;09.12.2011;;
Saudi-Arabien;5,008;SAR;10.12.2010;09.01.2011;;
Saudi-Arabien;4,9497;SAR;10.01.2011;09.02.2011;;
Saudi-Arabien;5,13705;SAR;10.02.2011;09.03.2011;;
Saudi-Arabien;5,17335;SAR;10.03.2011;09.04.2011;;
Saudi-Arabien;5,3052;SAR;10.04.2011;09.05.2011;;
Saudi-Arabien;5,5039;SAR;10.05.2011;09.06.2011;;
Saudi-Arabien;5,3315;SAR;10.06.2011;09.07.2011;;
Saudi-Arabien;5,36805;SAR;10.07.2011;09.08.2011;;
Saudi-Arabien;5,42975;SAR;10.08.2011;09.09.2011;;
Saudi-Arabien;5,449;SAR;10.09.2011;09.10.2011;;
Saudi-Arabien;5,1099;SAR;10.10.2011;09.11.2011;;
Saudi-Arabien;5,25355;SAR;10.11.2011;09.12.2011;;
Schweden;9,2927;SEK;10.12.2010;09.01.2011;;
Schweden;8,99375;SEK;10.01.2011;09.02.2011;;
Schweden;8,86;SEK;10.02.2011;09.03.2011;;
Schweden;8,79995;SEK;10.03.2011;09.04.2011;;
Schweden;8,9861;SEK;10.04.2011;09.05.2011;;
Schweden;8,92685;SEK;10.05.2011;09.06.2011;;
Schweden;8,90545;SEK;10.06.2011;09.07.2011;;
Schweden;9,2451;SEK;10.07.2011;09.08.2011;;
Schweden;9,072;SEK;10.08.2011;09.09.2011;;
Schweden;9,11745;SEK;10.09.2011;09.10.2011;;
Schweden;9,16495;SEK;10.10.2011;09.11.2011;;
Schweden;9,0606;SEK;10.11.2011;09.12.2011;;
Schweiz;1,3368;CHF;10.12.2010;09.01.2011;;
Schweiz;1,25165;CHF;10.01.2011;09.02.2011;;
Schweiz;1,2951;CHF;10.02.2011;09.03.2011;;
Schweiz;1,2767;CHF;10.03.2011;09.04.2011;;
Schweiz;1,29639;CHF;10.04.2011;09.05.2011;;
Schweiz;1,28333;CHF;10.05.2011;09.06.2011;;
Schweiz;1,22099;CHF;10.06.2011;09.07.2011;;
Schweiz;1,19507;CHF;10.07.2011;09.08.2011;;
Schweiz;1,15806;CHF;10.08.2011;09.09.2011;;
Schweiz;1,18132;CHF;10.09.2011;09.10.2011;;
Schweiz;1,22024;CHF;10.10.2011;09.11.2011;;
Schweiz;1,22705;CHF;10.11.2011;09.12.2011;;
Senegal;659,235;XOF;10.12.2010;09.01.2011;;
Senegal;657,10745;XOF;10.01.2011;09.02.2011;;
Senegal;657,1212;XOF;10.02.2011;09.03.2011;;
Senegal;657,43455;XOF;10.03.2011;09.04.2011;;
Senegal;656,19445;XOF;10.04.2011;09.05.2011;;
Senegal;655,95695;XOF;10.05.2011;09.06.2011;;
Senegal;657,0836;XOF;10.06.2011;09.07.2011;;
Senegal;657,08165;XOF;10.07.2011;09.08.2011;;
Senegal;657,02775;XOF;10.08.2011;09.09.2011;;
Senegal;657,1145;XOF;10.09.2011;09.10.2011;;
Senegal;657,0785;XOF;10.10.2011;09.11.2011;;
Senegal;657,1239;XOF;10.11.2011;09.12.2011;;
Serbien;107,11;RSD;10.12.2010;09.01.2011;;
Serbien;106,045;RSD;10.01.2011;09.02.2011;;
Serbien;104,545;RSD;10.02.2011;09.03.2011;;
Serbien;103,505;RSD;10.03.2011;09.04.2011;;
Serbien;103,35;RSD;10.04.2011;09.05.2011;;
Serbien;100,285;RSD;10.05.2011;09.06.2011;;
Serbien;96,87;RSD;10.06.2011;09.07.2011;;
Serbien;101,91;RSD;10.07.2011;09.08.2011;;
Serbien;103,15;RSD;10.08.2011;09.09.2011;;
Serbien;101,615;RSD;10.09.2011;09.10.2011;;
Serbien;101,33;RSD;10.10.2011;09.11.2011;;
Serbien;100,44;RSD;10.11.2011;09.12.2011;;
Seychellen;16,3895;SCR;10.12.2010;09.01.2011;;
Seychellen;16,16005;SCR;10.01.2011;09.02.2011;;
Seychellen;17,1911;SCR;10.02.2011;09.03.2011;;
Seychellen;16,82855;SCR;10.03.2011;09.04.2011;;
Seychellen;17,3201;SCR;10.04.2011;09.05.2011;;
Seychellen;17,9696;SCR;10.05.2011;09.06.2011;;
Seychellen;17,4095;SCR;10.06.2011;09.07.2011;;
Seychellen;17,5257;SCR;10.07.2011;09.08.2011;;
Seychellen;17,7;SCR;10.08.2011;09.09.2011;;
Seychellen;17,8201;SCR;10.09.2011;09.10.2011;;
Seychellen;16,91005;SCR;10.10.2011;09.11.2011;;
Seychellen;17,75435;SCR;10.11.2011;09.12.2011;;
Sierra Leone;5641,65;SLL;10.12.2010;09.01.2011;;
Sierra Leone;5528,82225;SLL;10.01.2011;09.02.2011;;
Sierra Leone;5836,41995;SLL;10.02.2011;09.03.2011;;
Sierra Leone;5834,43165;SLL;10.03.2011;09.04.2011;;
Sierra Leone;6129,43555;SLL;10.04.2011;09.05.2011;;
Sierra Leone;6386,06055;SLL;10.05.2011;09.06.2011;;
Sierra Leone;6184,16015;SLL;10.06.2011;09.07.2011;;
Sierra Leone;6230,9961;SLL;10.07.2011;09.08.2011;;
Sierra Leone;6336,57225;SLL;10.08.2011;09.09.2011;;
Sierra Leone;6405,2324;SLL;10.09.2011;09.10.2011;;
Sierra Leone;5981,62305;SLL;10.10.2011;09.11.2011;;
Sierra Leone;6194,28125;SLL;10.11.2011;09.12.2011;;
Singapur;1,7448;SGD;10.12.2010;09.01.2011;;
Singapur;1,7096;SGD;10.01.2011;09.02.2011;;
Singapur;1,753;SGD;10.02.2011;09.03.2011;;
Singapur;1,7639;SGD;10.03.2011;09.04.2011;;
Singapur;1,7833;SGD;10.04.2011;09.05.2011;;
Singapur;1,80845;SGD;10.05.2011;09.06.2011;;
Singapur;1,7606;SGD;10.06.2011;09.07.2011;;
Singapur;1,77695;SGD;10.07.2011;09.08.2011;;
Singapur;1,73835;SGD;10.08.2011;09.09.2011;;
Singapur;1,75405;SGD;10.09.2011;09.10.2011;;
Singapur;1,7492;SGD;10.10.2011;09.11.2011;;
Singapur;1,7638;SGD;10.11.2011;09.12.2011;;
Sri Lanka;148,619;LKR;10.12.2010;09.01.2011;;
Sri Lanka;146,4374;LKR;10.01.2011;09.02.2011;;
Sri Lanka;152,1704;LKR;10.02.2011;09.03.2011;;
Sri Lanka;152,7809;LKR;10.03.2011;09.04.2011;;
Sri Lanka;156,09985;LKR;10.04.2011;09.05.2011;;
Sri Lanka;161,67355;LKR;10.05.2011;09.06.2011;;
Sri Lanka;156,174;LKR;10.06.2011;09.07.2011;;
Sri Lanka;157,0598;LKR;10.07.2011;09.08.2011;;
Sri Lanka;158,5167;LKR;10.08.2011;09.09.2011;;
Sri Lanka;159,6374;LKR;10.09.2011;09.10.2011;;
Sri Lanka;150,1293;LKR;10.10.2011;09.11.2011;;
Sri Lanka;154,32785;LKR;10.11.2011;09.12.2011;;
Südafrika;9,3871;ZAR;10.12.2010;09.01.2011;;
Südafrika;8,8161;ZAR;10.01.2011;09.02.2011;;
Südafrika;9,74125;ZAR;10.02.2011;09.03.2011;;
Südafrika;9,8033;ZAR;10.03.2011;09.04.2011;;
Südafrika;9,71325;ZAR;10.04.2011;09.05.2011;;
Südafrika;9,7661;ZAR;10.05.2011;09.06.2011;;
Südafrika;9,8868;ZAR;10.06.2011;09.07.2011;;
Südafrika;9,82375;ZAR;10.07.2011;09.08.2011;;
Südafrika;9,6263;ZAR;10.08.2011;09.09.2011;;
Südafrika;10,30465;ZAR;10.09.2011;09.10.2011;;
Südafrika;10,6706;ZAR;10.10.2011;09.11.2011;;
Südafrika;10,97145;ZAR;10.11.2011;09.12.2011;;
Sudan;3,17;SDG;10.12.2010;09.01.2011;;
Sudan;3,29965;SDG;10.01.2011;09.02.2011;;
Sudan;3,4242;SDG;10.02.2011;09.03.2011;;
Sudan;3,6755;SDG;10.03.2011;09.04.2011;;
Sudan;3,3667;SDG;10.04.2011;09.05.2011;;
Sudan;3,9039;SDG;10.05.2011;09.06.2011;;
Sudan;3,81;SDG;10.06.2011;09.07.2011;;
Sudan;3,8433;SDG;10.07.2011;09.08.2011;;
Sudan;3,88745;SDG;10.08.2011;09.09.2011;;
Sudan;3,8647;SDG;10.09.2011;09.10.2011;;
Sudan;3,6584;SDG;10.10.2011;09.11.2011;;
Sudan;3,7537;SDG;10.11.2011;09.12.2011;;
Suriname;1,3353;USD;10.12.2010;09.01.2011;;
Suriname;1,31995;USD;10.01.2011;09.02.2011;;
Suriname;1,36965;USD;10.02.2011;09.03.2011;;
Suriname;1,37925;USD;10.03.2011;09.04.2011;;
Suriname;1,41465;USD;10.04.2011;09.05.2011;;
Suriname;1,46735;USD;10.05.2011;09.06.2011;;
Suriname;1,42195;USD;10.06.2011;09.07.2011;;
Suriname;1,4313;USD;10.07.2011;09.08.2011;;
Suriname;1,44805;USD;10.08.2011;09.09.2011;;
Suriname;1,45295;USD;10.09.2011;09.10.2011;;
Suriname;1,3628;USD;10.10.2011;09.11.2011;;
Suriname;1,4007;USD;10.11.2011;09.12.2011;;
Swasiland;9,39385;SZL;10.12.2010;09.01.2011;;
Swasiland;8,81344;SZL;10.01.2011;09.02.2011;;
Swasiland;9,74095;SZL;10.02.2011;09.03.2011;;
Swasiland;9,80302;SZL;10.03.2011;09.04.2011;;
Swasiland;9,71341;SZL;10.04.2011;09.05.2011;;
Swasiland;9,76287;SZL;10.05.2011;09.06.2011;;
Swasiland;9,8871;SZL;10.06.2011;09.07.2011;;
Swasiland;9,82358;SZL;10.07.2011;09.08.2011;;
Swasiland;9,62707;SZL;10.08.2011;09.09.2011;;
Swasiland;10,30403;SZL;10.09.2011;09.10.2011;;
Swasiland;10,67141;SZL;10.10.2011;09.11.2011;;
Swasiland;10,97336;SZL;10.11.2011;09.12.2011;;
Syrien, Arabische Republik;62,09145;SYP;10.12.2010;09.01.2011;;
Syrien, Arabische Republik;61,967;SYP;10.01.2011;09.02.2011;;
Syrien, Arabische Republik;63,8361;SYP;10.02.2011;09.03.2011;;
Syrien, Arabische Republik;64,51895;SYP;10.03.2011;09.04.2011;;
Syrien, Arabische Republik;66,9752;SYP;10.04.2011;09.05.2011;;
Syrien, Arabische Republik;69,50195;SYP;10.05.2011;09.06.2011;;
Syrien, Arabische Republik;67,60915;SYP;10.06.2011;09.07.2011;;
Syrien, Arabische Republik;67,90975;SYP;10.07.2011;09.08.2011;;
Syrien, Arabische Republik;68,8832;SYP;10.08.2011;09.09.2011;;
Syrien, Arabische Republik;68,1931;SYP;10.09.2011;09.10.2011;;
Syrien, Arabische Republik;66,76795;SYP;10.10.2011;09.11.2011;;
Syrien, Arabische Republik;68,94405;SYP;10.11.2011;09.12.2011;;
Taiwan;40,575;TWD;10.12.2010;09.01.2011;;
Taiwan;38,99245;TWD;10.01.2011;09.02.2011;;
Taiwan;39,74985;TWD;10.02.2011;09.03.2011;;
Taiwan;40,84355;TWD;10.03.2011;09.04.2011;;
Taiwan;41,64885;TWD;10.04.2011;09.05.2011;;
Taiwan;42,3185;TWD;10.05.2011;09.06.2011;;
Taiwan;41,0751;TWD;10.06.2011;09.07.2011;;
Taiwan;41,38715;TWD;10.07.2011;09.08.2011;;
Taiwan;41,67735;TWD;10.08.2011;09.09.2011;;
Taiwan;42,1803;TWD;10.09.2011;09.10.2011;;
Taiwan;41,43925;TWD;10.10.2011;09.11.2011;;
Taiwan;42,10545;TWD;10.11.2011;09.12.2011;;
Tansania;1,3353;USD;10.12.2010;09.01.2011;;
Tansania;1,31995;USD;10.01.2011;09.02.2011;;
Tansania;1,36965;USD;10.02.2011;09.03.2011;;
Tansania;1,37925;USD;10.03.2011;09.04.2011;;
Tansania;1,41465;USD;10.04.2011;09.05.2011;;
Tansania;1,46735;USD;10.05.2011;09.06.2011;;
Tansania;1,42195;USD;10.06.2011;09.07.2011;;
Tansania;1,4313;USD;10.07.2011;09.08.2011;;
Tansania;1,44805;USD;10.08.2011;09.09.2011;;
Tansania;1,45295;USD;10.09.2011;09.10.2011;;
Tansania;1,3628;USD;10.10.2011;09.11.2011;;
Tansania;1,4007;USD;10.11.2011;09.12.2011;;
Thailand;40,1458;THB;10.12.2010;09.01.2011;;
Thailand;39,81795;THB;10.01.2011;09.02.2011;;
Thailand;42,5083;THB;10.02.2011;09.03.2011;;
Thailand;42,25445;THB;10.03.2011;09.04.2011;;
Thailand;42,89805;THB;10.04.2011;09.05.2011;;
Thailand;43,97155;THB;10.05.2011;09.06.2011;;
Thailand;43,1879;THB;10.06.2011;09.07.2011;;
Thailand;44,3019;THB;10.07.2011;09.08.2011;;
Thailand;43,02455;THB;10.08.2011;09.09.2011;;
Thailand;43,5827;THB;10.09.2011;09.10.2011;;
Thailand;42,2559;THB;10.10.2011;09.11.2011;;
Thailand;43,0195;THB;10.11.2011;09.12.2011;;
Togo;659,235;XOF;10.12.2010;09.01.2011;;
Togo;657,10745;XOF;10.01.2011;09.02.2011;;
Togo;657,1212;XOF;10.02.2011;09.03.2011;;
Togo;657,43455;XOF;10.03.2011;09.04.2011;;
Togo;656,19445;XOF;10.04.2011;09.05.2011;;
Togo;655,95695;XOF;10.05.2011;09.06.2011;;
Togo;657,0836;XOF;10.06.2011;09.07.2011;;
Togo;657,08165;XOF;10.07.2011;09.08.2011;;
Togo;657,02775;XOF;10.08.2011;09.09.2011;;
Togo;657,1145;XOF;10.09.2011;09.10.2011;;
Togo;657,0785;XOF;10.10.2011;09.11.2011;;
Togo;657,1239;XOF;10.11.2011;09.12.2011;;
Tonga;2,4;TOP;10.12.2010;09.01.2011;;
Tonga;2,41735;TOP;10.01.2011;09.02.2011;;
Tonga;2,4841;TOP;10.02.2011;09.03.2011;;
Tonga;2,52195;TOP;10.03.2011;09.04.2011;;
Tonga;2,56325;TOP;10.04.2011;09.05.2011;;
Tonga;2,5717;TOP;10.05.2011;09.06.2011;;
Tonga;2,48845;TOP;10.06.2011;09.07.2011;;
Tonga;2,4434;TOP;10.07.2011;09.08.2011;;
Tonga;2,31095;TOP;10.08.2011;09.09.2011;;
Tonga;2,3779;TOP;10.09.2011;09.10.2011;;
Tonga;2,32;TOP;10.10.2011;09.11.2011;;
Tonga;2,36305;TOP;10.11.2011;09.12.2011;;
Trinidad/Tobago;1,3353;USD;10.12.2010;09.01.2011;;
Trinidad/Tobago;1,31995;USD;10.01.2011;09.02.2011;;
Trinidad/Tobago;1,36965;USD;10.02.2011;09.03.2011;;
Trinidad/Tobago;1,37925;USD;10.03.2011;09.04.2011;;
Trinidad/Tobago;1,41465;USD;10.04.2011;09.05.2011;;
Trinidad/Tobago;1,46735;USD;10.05.2011;09.06.2011;;
Trinidad/Tobago;1,42195;USD;10.06.2011;09.07.2011;;
Trinidad/Tobago;1,4313;USD;10.07.2011;09.08.2011;;
Trinidad/Tobago;1,44805;USD;10.08.2011;09.09.2011;;
Trinidad/Tobago;1,45295;USD;10.09.2011;09.10.2011;;
Trinidad/Tobago;1,3628;USD;10.10.2011;09.11.2011;;
Trinidad/Tobago;1,4007;USD;10.11.2011;09.12.2011;;
Tschad;657,105;XAF;10.12.2010;09.01.2011;;
Tschad;657,10745;XAF;10.01.2011;09.02.2011;;
Tschad;657,1212;XAF;10.02.2011;09.03.2011;;
Tschad;657,43455;XAF;10.03.2011;09.04.2011;;
Tschad;656,19445;XAF;10.04.2011;09.05.2011;;
Tschad;655,95695;XAF;10.05.2011;09.06.2011;;
Tschad;657,0836;XAF;10.06.2011;09.07.2011;;
Tschad;657,08165;XAF;10.07.2011;09.08.2011;;
Tschad;657,02775;XAF;10.08.2011;09.09.2011;;
Tschad;657,1145;XAF;10.09.2011;09.10.2011;;
Tschad;657,0785;XAF;10.10.2011;09.11.2011;;
Tschad;657,1239;XAF;10.11.2011;09.12.2011;;
Tschechische Republik;24,728;CZK;10.12.2010;09.01.2011;;
Tschechische Republik;25,3585;CZK;10.01.2011;09.02.2011;;
Tschechische Republik;24,256;CZK;10.02.2011;09.03.2011;;
Tschechische Republik;24,517;CZK;10.03.2011;09.04.2011;;
Tschechische Republik;24,5535;CZK;10.04.2011;09.05.2011;;
Tschechische Republik;24,0995;CZK;10.05.2011;09.06.2011;;
Tschechische Republik;24,6185;CZK;10.06.2011;09.07.2011;;
Tschechische Republik;24,376;CZK;10.07.2011;09.08.2011;;
Tschechische Republik;24,2845;CZK;10.08.2011;09.09.2011;;
Tschechische Republik;24,137;CZK;10.09.2011;09.10.2011;;
Tschechische Republik;24,5055;CZK;10.10.2011;09.11.2011;;
Tschechische Republik;24,93;CZK;10.11.2011;09.12.2011;;
Tunesien;1,92884;TND;10.12.2010;09.01.2011;;
Tunesien;1,91003;TND;10.01.2011;09.02.2011;;
Tunesien;1,937;TND;10.02.2011;09.03.2011;;
Tunesien;1,9428;TND;10.03.2011;09.04.2011;;
Tunesien;1,96085;TND;10.04.2011;09.05.2011;;
Tunesien;1,9876;TND;10.05.2011;09.06.2011;;
Tunesien;1,9703;TND;10.06.2011;09.07.2011;;
Tunesien;1,97045;TND;10.07.2011;09.08.2011;;
Tunesien;1,9761;TND;10.08.2011;09.09.2011;;
Tunesien;1,9806;TND;10.09.2011;09.10.2011;;
Tunesien;1,93845;TND;10.10.2011;09.11.2011;;
Tunesien;1,96465;TND;10.11.2011;09.12.2011;;
Türkei;1,9647;TRY;10.12.2010;09.01.2011;;
Türkei;2,0572;TRY;10.01.2011;09.02.2011;;
Türkei;2,19455;TRY;10.02.2011;09.03.2011;;
Türkei;2,2172;TRY;10.03.2011;09.04.2011;;
Türkei;2,2085;TRY;10.04.2011;09.05.2011;;
Türkei;2,23645;TRY;10.05.2011;09.06.2011;;
Türkei;2,291;TRY;10.06.2011;09.07.2011;;
Türkei;2,3397;TRY;10.07.2011;09.08.2011;;
Türkei;2,46485;TRY;10.08.2011;09.09.2011;;
Türkei;2,5381;TRY;10.09.2011;09.10.2011;;
Türkei;2,51325;TRY;10.10.2011;09.11.2011;;
Türkei;2,4464;TRY;10.11.2011;09.12.2011;;
Uganda;3058,79;UGX;10.12.2010;09.01.2011;;
Uganda;3059,41305;UGX;10.01.2011;09.02.2011;;
Uganda;3150,1948;UGX;10.02.2011;09.03.2011;;
Uganda;3240,4299;UGX;10.03.2011;09.04.2011;;
Uganda;3398,6255;UGX;10.04.2011;09.05.2011;;
Uganda;3500,28615;UGX;10.05.2011;09.06.2011;;
Uganda;3393,37135;UGX;10.06.2011;09.07.2011;;
Uganda;3655,783;UGX;10.07.2011;09.08.2011;;
Uganda;3764,3838;UGX;10.08.2011;09.09.2011;;
Uganda;4104,44335;UGX;10.09.2011;09.10.2011;;
Uganda;3862,7449;UGX;10.10.2011;09.11.2011;;
Uganda;3702,81665;UGX;10.11.2011;09.12.2011;;
Ungarn;277,52;HUF;10.12.2010;09.01.2011;;
Ungarn;279,14;HUF;10.01.2011;09.02.2011;;
Ungarn;272,04;HUF;10.02.2011;09.03.2011;;
Ungarn;274,345;HUF;10.03.2011;09.04.2011;;
Ungarn;267,87;HUF;10.04.2011;09.05.2011;;
Ungarn;264,915;HUF;10.05.2011;09.06.2011;;
Ungarn;268,685;HUF;10.06.2011;09.07.2011;;
Ungarn;268,35;HUF;10.07.2011;09.08.2011;;
Ungarn;267,915;HUF;10.08.2011;09.09.2011;;
Ungarn;272,545;HUF;10.09.2011;09.10.2011;;
Ungarn;286,975;HUF;10.10.2011;09.11.2011;;
Ungarn;301,52;HUF;10.11.2011;09.12.2011;;
Uruguay;1,3353;USD;10.12.2010;09.01.2011;;
Uruguay;1,31995;USD;10.01.2011;09.02.2011;;
Uruguay;1,36965;USD;10.02.2011;09.03.2011;;
Uruguay;1,37925;USD;10.03.2011;09.04.2011;;
Uruguay;1,41465;USD;10.04.2011;09.05.2011;;
Uruguay;1,46735;USD;10.05.2011;09.06.2011;;
Uruguay;1,42195;USD;10.06.2011;09.07.2011;;
Uruguay;1,4313;USD;10.07.2011;09.08.2011;;
Uruguay;1,44805;USD;10.08.2011;09.09.2011;;
Uruguay;1,45295;USD;10.09.2011;09.10.2011;;
Uruguay;1,3628;USD;10.10.2011;09.11.2011;;
Uruguay;1,4007;USD;10.11.2011;09.12.2011;;
Vanuatu;125,8322;VUV;10.12.2010;09.01.2011;;
Vanuatu;126,9238;VUV;10.01.2011;09.02.2011;;
Vanuatu;130,45125;VUV;10.02.2011;09.03.2011;;
Vanuatu;131,6935;VUV;10.03.2011;09.04.2011;;
Vanuatu;133,3734;VUV;10.04.2011;09.05.2011;;
Vanuatu;133,4711;VUV;10.05.2011;09.06.2011;;
Vanuatu;130,64455;VUV;10.06.2011;09.07.2011;;
Vanuatu;132,4681;VUV;10.07.2011;09.08.2011;;
Vanuatu;129,72725;VUV;10.08.2011;09.09.2011;;
Vanuatu;132,7317;VUV;10.09.2011;09.10.2011;;
Vanuatu;130,14325;VUV;10.10.2011;09.11.2011;;
Vanuatu;130,5485;VUV;10.11.2011;09.12.2011;;
Venezuela;5,74179;VEF;10.12.2010;09.01.2011;;
Venezuela;5,67579;VEF;10.01.2011;09.02.2011;;
Venezuela;5,8895;VEF;10.02.2011;09.03.2011;;
Venezuela;5,93078;VEF;10.03.2011;09.04.2011;;
Venezuela;6,083;VEF;10.04.2011;09.05.2011;;
Venezuela;6,30961;VEF;10.05.2011;09.06.2011;;
Venezuela;6,11439;VEF;10.06.2011;09.07.2011;;
Venezuela;6,15459;VEF;10.07.2011;09.08.2011;;
Venezuela;6,22662;VEF;10.08.2011;09.09.2011;;
Venezuela;6,24769;VEF;10.09.2011;09.10.2011;;
Venezuela;5,86004;VEF;10.10.2011;09.11.2011;;
Venezuela;6,02301;VEF;10.11.2011;09.12.2011;;
Vereinigte Arabische Emirate;4,9047;AED;10.12.2010;09.01.2011;;
Vereinigte Arabische Emirate;4,8478;AED;10.01.2011;09.02.2011;;
Vereinigte Arabische Emirate;5,03095;AED;10.02.2011;09.03.2011;;
Vereinigte Arabische Emirate;5,0659;AED;10.03.2011;09.04.2011;;
Vereinigte Arabische Emirate;5,19575;AED;10.04.2011;09.05.2011;;
Vereinigte Arabische Emirate;5,39055;AED;10.05.2011;09.06.2011;;
Vereinigte Arabische Emirate;5,22165;AED;10.06.2011;09.07.2011;;
Vereinigte Arabische Emirate;5,25735;AED;10.07.2011;09.08.2011;;
Vereinigte Arabische Emirate;5,3179;AED;10.08.2011;09.09.2011;;
Vereinigte Arabische Emirate;5,33625;AED;10.09.2011;09.10.2011;;
Vereinigte Arabische Emirate;5,0045;AED;10.10.2011;09.11.2011;;
Vereinigte Arabische Emirate;5,1444;AED;10.11.2011;09.12.2011;;
Vereinigte Staaten;1,3353;USD;10.12.2010;09.01.2011;;
Vereinigte Staaten;1,31995;USD;10.01.2011;09.02.2011;;
Vereinigte Staaten;1,36965;USD;10.02.2011;09.03.2011;;
Vereinigte Staaten;1,37925;USD;10.03.2011;09.04.2011;;
Vereinigte Staaten;1,41465;USD;10.04.2011;09.05.2011;;
Vereinigte Staaten;1,46735;USD;10.05.2011;09.06.2011;;
Vereinigte Staaten;1,42195;USD;10.06.2011;09.07.2011;;
Vereinigte Staaten;1,4313;USD;10.07.2011;09.08.2011;;
Vereinigte Staaten;1,44805;USD;10.08.2011;09.09.2011;;
Vereinigte Staaten;1,45295;USD;10.09.2011;09.10.2011;;
Vereinigte Staaten;1,3628;USD;10.10.2011;09.11.2011;;
Vereinigte Staaten;1,4007;USD;10.11.2011;09.12.2011;;
Vereinigtes Königreich;0,8474;GBP;10.12.2010;09.01.2011;;
Vereinigtes Königreich;0,85347;GBP;10.01.2011;09.02.2011;;
Vereinigtes Königreich;0,86165;GBP;10.02.2011;09.03.2011;;
Vereinigtes Königreich;0,85178;GBP;10.03.2011;09.04.2011;;
Vereinigtes Königreich;0,88254;GBP;10.04.2011;09.05.2011;;
Vereinigtes Königreich;0,88795;GBP;10.05.2011;09.06.2011;;
Vereinigtes Königreich;0,86652;GBP;10.06.2011;09.07.2011;;
Vereinigtes Königreich;0,8954;GBP;10.07.2011;09.08.2011;;
Vereinigtes Königreich;0,88186;GBP;10.08.2011;09.09.2011;;
Vereinigtes Königreich;0,88643;GBP;10.09.2011;09.10.2011;;
Vereinigtes Königreich;0,8711;GBP;10.10.2011;09.11.2011;;
Vereinigtes Königreich;0,8748;GBP;10.11.2011;09.12.2011;;
Vietnam;1,3353;USD;10.12.2010;09.01.2011;;
Vietnam;1,31995;USD;10.01.2011;09.02.2011;;
Vietnam;1,36965;USD;10.02.2011;09.03.2011;;
Vietnam;1,37925;USD;10.03.2011;09.04.2011;;
Vietnam;1,41465;USD;10.04.2011;09.05.2011;;
Vietnam;1,46735;USD;10.05.2011;09.06.2011;;
Vietnam;1,42195;USD;10.06.2011;09.07.2011;;
Vietnam;1,4313;USD;10.07.2011;09.08.2011;;
Vietnam;1,44805;USD;10.08.2011;09.09.2011;;
Vietnam;1,45295;USD;10.09.2011;09.10.2011;;
Vietnam;1,3628;USD;10.10.2011;09.11.2011;;
Vietnam;1,4007;USD;10.11.2011;09.12.2011;;
Westindische Inseln;1,3353;USD;10.12.2010;09.01.2011;;
Westindische Inseln;1,31995;USD;10.01.2011;09.02.2011;;
Westindische Inseln;1,36965;USD;10.02.2011;09.03.2011;;
Westindische Inseln;1,37925;USD;10.03.2011;09.04.2011;;
Westindische Inseln;1,41465;USD;10.04.2011;09.05.2011;;
Westindische Inseln;1,46735;USD;10.05.2011;09.06.2011;;
Westindische Inseln;1,42195;USD;10.06.2011;09.07.2011;;
Westindische Inseln;1,4313;USD;10.07.2011;09.08.2011;;
Westindische Inseln;1,44805;USD;10.08.2011;09.09.2011;;
Westindische Inseln;1,45295;USD;10.09.2011;09.10.2011;;
Westindische Inseln;1,3628;USD;10.10.2011;09.11.2011;;
Westindische Inseln;1,4007;USD;10.11.2011;09.12.2011;;
Zentralafrikanische Republik;657,105;XAF;10.12.2010;09.01.2011;;
Zentralafrikanische Republik;657,10745;XAF;10.01.2011;09.02.2011;;
Zentralafrikanische Republik;657,1212;XAF;10.02.2011;09.03.2011;;
Zentralafrikanische Republik;657,43455;XAF;10.03.2011;09.04.2011;;
Zentralafrikanische Republik;656,19445;XAF;10.04.2011;09.05.2011;;
Zentralafrikanische Republik;655,95695;XAF;10.05.2011;09.06.2011;;
Zentralafrikanische Republik;657,0836;XAF;10.06.2011;09.07.2011;;
Zentralafrikanische Republik;657,08165;XAF;10.07.2011;09.08.2011;;
Zentralafrikanische Republik;657,02775;XAF;10.08.2011;09.09.2011;;
Zentralafrikanische Republik;657,1145;XAF;10.09.2011;09.10.2011;;
Zentralafrikanische Republik;657,0785;XAF;10.10.2011;09.11.2011;;
Zentralafrikanische Republik;657,1239;XAF;10.11.2011;09.12.2011;;
